model,input,class,decision threshold,ground truth (id),predicted (id),precision (id),recall (id),f1 (id),auroc (id),ap (id),accuracy (id),ground truth (cd),predicted (cd),precision (cd),recall (cd),f1 (cd),auroc (cd),ap (cd),accuracy (cd)
resnet18,dem+rgb,af1,0.36405408,571,515,0.7223300970873786,0.6514886164623468,0.6850828729281768,0.8378192971153234,0.7920154450116488,0.77734375,435,979,0.2951991828396322,0.664367816091954,0.4087694483734088,0.540670445885141,0.3293009277267754,0.4557291666666667
resnet18,dem+rgb,Qal,0.43365145,950,1123,0.7292965271593945,0.8621052631578947,0.7901591895803184,0.7641692114244656,0.8412963986935942,0.716796875,845,401,0.5860349127182045,0.2781065088757396,0.377207062600321,0.5240120227095626,0.5524948211190374,0.4947916666666667
resnet18,dem+rgb,Qaf,0.08325052,13,59,0.0508474576271186,0.2307692307692307,0.0833333333333333,0.8695388655992726,0.0670168292463549,0.95703125,6,0,0.0,0.0,0.0,0.3386710239651416,0.0032523316394639,0.99609375
resnet18,dem+rgb,Qat,0.4546793,61,35,0.2571428571428571,0.1475409836065573,0.1875,0.877454848569047,0.2272203026775586,0.94921875,77,0,0.0,0.0,0.0,0.6777280293387217,0.117256168031903,0.9498697916666666
resnet18,dem+rgb,Qc,0.6335705,749,701,0.8416547788873039,0.787716955941255,0.8137931034482758,0.907990832333836,0.9142338761349574,0.82421875,456,724,0.4668508287292817,0.7412280701754386,0.5728813559322034,0.745004873294347,0.5231844754736369,0.671875
resnet18,dem+rgb,Qca,0.34736833,432,528,0.6268939393939394,0.7662037037037037,0.6895833333333333,0.875895313338701,0.7577752232265242,0.8059895833333334,249,231,0.4978354978354978,0.4618473895582329,0.4791666666666667,0.8482289687108965,0.4822314349360288,0.8372395833333334
resnet18,dem+rgb,Qr,0.5138834,1433,1482,0.9460188933873144,0.9783670621074668,0.9619210977701544,0.913082066951673,0.993188300210505,0.927734375,1511,1507,0.9847378898473788,0.9821310390469888,0.9834327369118622,0.8023560555923229,0.9944170031097272,0.9674479166666666
resnet18,ep-ms+prc-ms,af1,0.34913284,571,602,0.6960132890365448,0.7338003502626971,0.7144075021312873,0.853847898877526,0.8180483879287644,0.7819010416666666,435,578,0.5916955017301038,0.7862068965517242,0.6752221125370188,0.8596260452879827,0.766669791569925,0.7858072916666666
resnet18,ep-ms+prc-ms,Qal,0.42394802,950,1019,0.7919528949950932,0.8494736842105263,0.8197054342305738,0.8590713130950243,0.9169846019163156,0.7688802083333334,845,1188,0.6414141414141414,0.901775147928994,0.749631087063453,0.7351578622868837,0.7661959647732497,0.6686197916666666
resnet18,ep-ms+prc-ms,Qaf,0.2855372,13,19,0.1578947368421052,0.2307692307692307,0.1875,0.9116622051618768,0.1796006043850636,0.9830729166666666,6,9,0.0,0.0,0.0,0.7088235294117647,0.0109886776954501,0.990234375
resnet18,ep-ms+prc-ms,Qat,0.38582015,61,42,0.3333333333333333,0.2295081967213114,0.2718446601941747,0.9257349263684356,0.376778810104534,0.951171875,77,89,0.1235955056179775,0.1428571428571428,0.1325301204819277,0.767675778642194,0.1189436458312889,0.90625
resnet18,ep-ms+prc-ms,Qc,0.13936052,749,863,0.8296639629200464,0.9559412550066756,0.8883374689826302,0.9718693115598434,0.9748939048298396,0.8828125,456,669,0.6621823617339312,0.9714912280701754,0.7875555555555556,0.971361273554256,0.9453728896599852,0.8444010416666666
resnet18,ep-ms+prc-ms,Qca,0.27958843,432,438,0.815068493150685,0.8263888888888888,0.8206896551724138,0.9564148047504026,0.912198372789172,0.8984375,249,387,0.5762273901808785,0.8955823293172691,0.7012578616352201,0.95144837313512,0.7817816228567188,0.8763020833333334
resnet18,ep-ms+prc-ms,Qr,0.6603594,1433,1444,0.9681440443213296,0.975575715282624,0.9718456725755996,0.9500301492557538,0.9961067467863538,0.947265625,1511,1525,0.9868852459016394,0.9960291197882196,0.9914361001317524,0.9164129715420252,0.9984610625891492,0.9830729166666666
resnet18,ep-ms+prc-ms+s-ms,af1,0.1687114,571,670,0.6701492537313433,0.7863397548161121,0.7236099919419823,0.848430623485749,0.8079026020248334,0.7766927083333334,435,644,0.546583850931677,0.8091954022988506,0.6524559777571826,0.8483719085053295,0.7569944719167606,0.755859375
resnet18,ep-ms+prc-ms+s-ms,Qal,0.22113827,950,1110,0.7657657657657657,0.8947368421052632,0.8252427184466019,0.8691144242859709,0.9219095355420964,0.765625,845,1255,0.6406374501992032,0.9514792899408284,0.7657142857142857,0.8034492502932891,0.8431161873377314,0.6796875
resnet18,ep-ms+prc-ms+s-ms,Qaf,0.33407226,13,29,0.1034482758620689,0.2307692307692307,0.1428571428571428,0.8970150007576141,0.1352752049218464,0.9765625,6,12,0.0,0.0,0.0,0.7017429193899782,0.0096296659107043,0.98828125
resnet18,ep-ms+prc-ms+s-ms,Qat,0.20880647,61,67,0.4328358208955223,0.4754098360655737,0.453125,0.936271186440678,0.4042726047453125,0.9544270833333334,77,147,0.1972789115646258,0.3766233766233766,0.2589285714285714,0.7682454625566346,0.1533862740244841,0.8919270833333334
resnet18,ep-ms+prc-ms+s-ms,Qc,0.51477236,749,730,0.93013698630137,0.9065420560747663,0.9181879648411088,0.9766804701906652,0.9786815474932224,0.9212239583333334,456,520,0.8076923076923077,0.9210526315789472,0.860655737704918,0.9775320825211176,0.955885437618562,0.9114583333333334
resnet18,ep-ms+prc-ms+s-ms,Qca,0.22784139,432,509,0.7524557956777996,0.8865740740740741,0.8140276301806588,0.9630405428073,0.9273795347382512,0.8860677083333334,249,404,0.5767326732673267,0.9357429718875502,0.7136294027565084,0.9651004952209772,0.8269557763908805,0.8782552083333334
resnet18,ep-ms+prc-ms+s-ms,Qr,0.5139814,1433,1465,0.962457337883959,0.9839497557571528,0.9730848861283644,0.9423573330442618,0.9954624865133272,0.94921875,1511,1534,0.983702737940026,0.99867637326274,0.9911330049261085,0.8397617471872931,0.9967599810361116,0.982421875
resnet18,ep-ms+s-ms,af1,0.39564285,571,541,0.7190388170055453,0.681260945709282,0.6996402877697842,0.842056931299511,0.8033746533308881,0.7825520833333334,435,436,0.7041284403669725,0.7057471264367816,0.7049368541905855,0.8675791078121249,0.7933983230621984,0.8326822916666666
resnet18,ep-ms+s-ms,Qal,0.19467522,950,1200,0.7283333333333334,0.92,0.8130232558139535,0.8541243039338964,0.912667478616322,0.73828125,845,1319,0.5921152388172858,0.9242603550295858,0.7218114602587801,0.7057878556932325,0.7652689148960944,0.6080729166666666
resnet18,ep-ms+s-ms,Qaf,0.04518112,13,29,0.1379310344827586,0.3076923076923077,0.1904761904761904,0.8887822617303904,0.2545332539304885,0.9778645833333334,6,8,0.0,0.0,0.0,0.6506535947712418,0.007202991073851,0.9908854166666666
resnet18,ep-ms+s-ms,Qat,0.17673667,61,100,0.31,0.5081967213114754,0.3850931677018633,0.9142984162267296,0.3485553172910384,0.935546875,77,107,0.2897196261682243,0.4025974025974026,0.3369565217391304,0.8097878817549825,0.2849743245944789,0.9205729166666666
resnet18,ep-ms+s-ms,Qc,0.5810157,749,723,0.9294605809128632,0.897196261682243,0.9130434782608696,0.9759747431136474,0.9786970081820042,0.9166666666666666,456,518,0.7972972972972973,0.9057017543859648,0.8480492813141683,0.9730141325536062,0.9440192485431252,0.9036458333333334
resnet18,ep-ms+s-ms,Qca,0.36691618,432,428,0.7897196261682243,0.7824074074074074,0.786046511627907,0.9464279723564144,0.8844555180985259,0.8802083333333334,249,382,0.5732984293193717,0.8795180722891566,0.694136291600634,0.9427827861562802,0.6830473359766553,0.8743489583333334
resnet18,ep-ms+s-ms,Qr,0.5060876,1433,1466,0.9590723055934516,0.98115840893231,0.9699896516040014,0.9389494508770384,0.9950539062720278,0.943359375,1511,1531,0.984977139124755,0.9980145598941098,0.9914529914529916,0.8240105890138981,0.9964175287695992,0.9830729166666666
resnet18,ep-ms+s-ms+sds-ms,af1,0.31236157,571,606,0.693069306930693,0.7355516637478109,0.713678844519966,0.8663412066822138,0.830670925051634,0.7805989583333334,435,466,0.6566523605150214,0.7034482758620689,0.6792452830188679,0.8596072535939114,0.7690795304616179,0.8118489583333334
resnet18,ep-ms+s-ms+sds-ms,Qal,0.36893785,950,1086,0.7651933701657458,0.8747368421052631,0.8163064833005894,0.8507562421411891,0.9156433862155268,0.7565104166666666,845,1137,0.6525945470536499,0.8781065088757396,0.7487386478304743,0.7376531739439454,0.7717553054792148,0.67578125
resnet18,ep-ms+s-ms+sds-ms,Qaf,0.021887677,13,85,0.0941176470588235,0.6153846153846154,0.1632653061224489,0.9084297186726602,0.1621389871131187,0.9466145833333334,6,33,0.0,0.0,0.0,0.7380174291938998,0.0118418583222585,0.974609375
resnet18,ep-ms+s-ms+sds-ms,Qat,0.1420843,61,144,0.2777777777777778,0.6557377049180327,0.3902439024390244,0.914231731036399,0.4273091515953013,0.9186197916666666,77,132,0.2878787878787879,0.4935064935064935,0.3636363636363636,0.8080076195223557,0.2250212737925033,0.9134114583333334
resnet18,ep-ms+s-ms+sds-ms,Qc,0.40902832,749,771,0.906614785992218,0.9332443257676902,0.9197368421052632,0.9780087978380324,0.9786477165376442,0.9205729166666666,456,546,0.7783882783882784,0.9320175438596492,0.8483033932135728,0.975462962962963,0.9501690633861845,0.9010416666666666
resnet18,ep-ms+s-ms+sds-ms,Qca,0.7301042,432,402,0.8432835820895522,0.7847222222222222,0.8129496402877698,0.9557794887278585,0.9139607457441572,0.8984375,249,330,0.6454545454545455,0.8554216867469879,0.7357512953367875,0.9472700436555858,0.7587235379557624,0.900390625
resnet18,ep-ms+s-ms+sds-ms,Qr,0.31806055,1433,1481,0.9561107359891964,0.9881367759944172,0.971859986273164,0.939606636901334,0.9952212197647066,0.9466145833333334,1511,1535,0.98371335504886,0.99933818663137,0.9914642153644124,0.873964262078094,0.9976218567346224,0.9830729166666666
resnet18,prc-ms+s-ms,af1,0.23559503,571,611,0.6824877250409165,0.7302977232924693,0.7055837563451777,0.8486520330662504,0.8090802834260178,0.7734375,435,507,0.6153846153846154,0.7172413793103448,0.6624203821656051,0.8366772108950066,0.7520963808439307,0.79296875
resnet18,prc-ms+s-ms,Qal,0.24935392,950,1157,0.7545375972342264,0.9189473684210526,0.8286663502610346,0.8693461469373092,0.923975184482199,0.7649739583333334,845,1317,0.6097190584662111,0.9502958579881656,0.7428307123034228,0.7778641707841307,0.8182954007760914,0.6380208333333334
resnet18,prc-ms+s-ms,Qaf,0.26846296,13,20,0.15,0.2307692307692307,0.1818181818181818,0.8951967271074297,0.0842907583370861,0.982421875,6,9,0.0,0.0,0.0,0.6979302832244009,0.0174983053154983,0.990234375
resnet18,prc-ms+s-ms,Qat,0.17019017,61,82,0.2804878048780488,0.3770491803278688,0.3216783216783216,0.912920255626563,0.3443234783449516,0.9368489583333334,77,118,0.1440677966101695,0.2207792207792207,0.1743589743589743,0.6871545178604808,0.1084631266275522,0.8951822916666666
resnet18,prc-ms+s-ms,Qc,0.52963907,749,727,0.9243466299862448,0.897196261682243,0.9105691056910568,0.974359713841242,0.9761179330610772,0.9140625,456,548,0.7846715328467153,0.9429824561403508,0.8565737051792829,0.9789900097465888,0.9568473403649952,0.90625
resnet18,prc-ms+s-ms,Qca,0.21247151,432,492,0.7703252032520326,0.8773148148148148,0.8203463203463204,0.9635647309447128,0.9242116614411916,0.8919270833333334,249,374,0.5935828877005348,0.891566265060241,0.7126805778491172,0.9557452810464858,0.8024383066825866,0.8834635416666666
resnet18,prc-ms+s-ms,Qr,0.62490666,1433,1469,0.9611980939414568,0.9853454291695743,0.9731219848380428,0.9394711346282834,0.9950348010401796,0.94921875,1511,1534,0.983702737940026,0.99867637326274,0.9911330049261085,0.7663798808735937,0.9932779336445404,0.982421875
resnet50,dem+rgb,af1,0.28990555,571,611,0.6563011456628478,0.702276707530648,0.6785109983079526,0.8363873941725724,0.7774234972158574,0.7526041666666666,435,921,0.3279044516829533,0.6942528735632184,0.4454277286135693,0.5685990792069906,0.3177842603070309,0.5104166666666666
resnet50,dem+rgb,Qal,0.44092867,950,1140,0.7157894736842105,0.8589473684210527,0.7808612440191387,0.7600359259924554,0.8413546717859439,0.7018229166666666,845,515,0.6038834951456311,0.3680473372781065,0.4573529411764706,0.5484170955394377,0.5767370448648159,0.51953125
resnet50,dem+rgb,Qaf,0.07078913,13,59,0.0508474576271186,0.2307692307692307,0.0833333333333333,0.850649022677913,0.051851724557249,0.95703125,6,0,0.0,0.0,0.0,0.5321350762527233,0.0049257261895105,0.99609375
resnet50,dem+rgb,Qat,0.15228926,61,93,0.2473118279569892,0.3770491803278688,0.2987012987012987,0.8858571825507086,0.2228493014576217,0.9296875,77,0,0.0,0.0,0.0,0.5467719395066893,0.0501493084619636,0.9498697916666666
resnet50,dem+rgb,Qc,0.5779396,749,705,0.8354609929078014,0.7863818424566088,0.8101788170563962,0.9043451412556854,0.905559710630796,0.8203125,456,720,0.5013888888888889,0.7916666666666666,0.6139455782312925,0.8063068551007148,0.6460148395023653,0.7044270833333334
resnet50,dem+rgb,Qca,0.44236517,432,484,0.6384297520661157,0.7152777777777778,0.6746724890829694,0.8701585983628556,0.7370303874668431,0.8059895833333334,249,111,0.1081081081081081,0.0481927710843373,0.0666666666666666,0.7370741708091105,0.2576576317768487,0.78125
resnet50,dem+rgb,Qr,0.24577576,1433,1535,0.9335504885993484,1.0,0.965633423180593,0.9064221302312346,0.9926455449086368,0.93359375,1511,1536,0.9837239583333334,1.0,0.9917952084017068,0.7272931833223031,0.9910183823315186,0.9837239583333334
resnet50,ep-ms+prc-ms,af1,0.40113196,571,482,0.7531120331950207,0.6357267950963222,0.6894586894586895,0.8470858325090969,0.7942127554530753,0.787109375,435,453,0.6291390728476821,0.6551724137931034,0.6418918918918919,0.8315679580736425,0.7348201684408059,0.79296875
resnet50,ep-ms+prc-ms,Qal,0.3937654,950,1107,0.7579042457091237,0.8831578947368421,0.8157510938259601,0.8457984551823245,0.9056563019882,0.7532552083333334,845,1309,0.6111535523300229,0.9467455621301776,0.7428040854224698,0.7491740809563364,0.7844047746941968,0.6393229166666666
resnet50,ep-ms+prc-ms,Qaf,0.044768024,13,20,0.05,0.0769230769230769,0.0606060606060606,0.8033234001717259,0.1137529944678669,0.9798177083333334,6,6,0.0,0.0,0.0,0.724727668845316,0.0125738933982355,0.9921875
resnet50,ep-ms+prc-ms,Qat,0.30011237,61,64,0.375,0.3934426229508196,0.384,0.9049736037788276,0.3042496121394465,0.9498697916666666,77,83,0.2048192771084337,0.2207792207792207,0.2125,0.7854160917903208,0.1666821069078005,0.91796875
resnet50,ep-ms+prc-ms,Qc,0.6646464,749,753,0.901726427622842,0.9065420560747663,0.904127829560586,0.9722119963424336,0.9744026336899084,0.90625,456,525,0.780952380952381,0.8991228070175439,0.835881753312946,0.9647275016244314,0.9361516738434896,0.8951822916666666
resnet50,ep-ms+prc-ms,Qca,0.44727048,432,441,0.7913832199546486,0.8078703703703703,0.7995418098510882,0.9480802133655394,0.8892622136884846,0.8860677083333334,249,333,0.6126126126126126,0.8192771084337349,0.7010309278350515,0.9380521308232151,0.7566562199300078,0.88671875
resnet50,ep-ms+prc-ms,Qr,0.56451607,1433,1455,0.9656357388316152,0.9804605722260992,0.9729916897506924,0.9432855236146588,0.9954963570536616,0.94921875,1511,1522,0.988173455978975,0.9953673064195896,0.9917573359709858,0.8916346790205163,0.9975535075310972,0.9837239583333334
resnet50,ep-ms+prc-ms+s-ms,af1,0.25138512,571,574,0.6707317073170732,0.6742556917688266,0.6724890829694323,0.8285364282279066,0.7879225624868679,0.755859375,435,476,0.6386554621848739,0.6988505747126437,0.6673984632272228,0.8443191664839697,0.7498357059959299,0.802734375
resnet50,ep-ms+prc-ms+s-ms,Qal,0.20364277,950,1123,0.7595725734639359,0.8978947368421053,0.8229618909792571,0.8656116400215556,0.9205377386551336,0.7610677083333334,845,1305,0.5862068965517241,0.9053254437869822,0.7116279069767442,0.7316007158821364,0.7955745487560516,0.5963541666666666
resnet50,ep-ms+prc-ms+s-ms,Qaf,0.20029101,13,10,0.3,0.2307692307692307,0.2608695652173913,0.8946411434920956,0.1282854402039167,0.9889322916666666,6,2,0.0,0.0,0.0,0.6901960784313725,0.0154869328585826,0.9947916666666666
resnet50,ep-ms+prc-ms+s-ms,Qat,0.14958249,61,112,0.3214285714285714,0.5901639344262295,0.4161849710982659,0.9174437343706584,0.3640388625803883,0.9342447916666666,77,123,0.2032520325203252,0.3246753246753247,0.25,0.7946912580223067,0.1689399227353984,0.90234375
resnet50,ep-ms+prc-ms+s-ms,Qc,0.4103189,749,749,0.9212283044058746,0.9212283044058746,0.9212283044058746,0.978224248171641,0.9802040771097924,0.9231770833333334,456,504,0.8353174603174603,0.9232456140350878,0.8770833333333333,0.9781189083820664,0.957512703072391,0.9231770833333334
resnet50,ep-ms+prc-ms+s-ms,Qca,0.3450476,432,395,0.8759493670886076,0.8009259259259259,0.8367593712212817,0.957446407004831,0.9236001238437852,0.912109375,249,289,0.726643598615917,0.8433734939759037,0.7806691449814126,0.966102170921448,0.8310122499751923,0.9231770833333334
resnet50,ep-ms+prc-ms+s-ms,Qr,0.5791527,1433,1461,0.9630390143737166,0.9818562456385206,0.972356599861783,0.9401215455389264,0.9951463255763886,0.9479166666666666,1511,1530,0.984313725490196,0.9966909331568498,0.9904636632686616,0.8747187293183322,0.9975415709937456,0.9811197916666666
resnet50,ep-ms+s-ms,af1,0.4337373,571,575,0.6904347826086956,0.6952714535901926,0.6928446771378709,0.8293966588931336,0.7896516563012121,0.7708333333333334,435,612,0.5392156862745098,0.7586206896551724,0.6303724928366762,0.8210571371898067,0.7028724053655373,0.748046875
resnet50,ep-ms+s-ms,Qal,0.31724897,950,1179,0.7285835453774385,0.9042105263157896,0.8069516204790982,0.8528148015088917,0.915819802068308,0.732421875,845,1378,0.5892597968069666,0.9609467455621302,0.7305443094916779,0.7490439205679104,0.8002114357104324,0.6100260416666666
resnet50,ep-ms+s-ms,Qaf,0.2874632,13,28,0.1071428571428571,0.2307692307692307,0.1463414634146341,0.8862063740592959,0.1512506990878879,0.9772135416666666,6,7,0.0,0.0,0.0,0.5839869281045751,0.0063444960606371,0.9915364583333334
resnet50,ep-ms+s-ms,Qat,0.09434202,61,102,0.284313725490196,0.4754098360655737,0.3558282208588957,0.8988163378716311,0.2774196248413901,0.931640625,77,217,0.1566820276497695,0.4415584415584415,0.2312925170068027,0.7589257897688328,0.1339230557192997,0.8528645833333334
resnet50,ep-ms+s-ms,Qc,0.378214,749,762,0.8963254593175853,0.9118825100133512,0.9040370615486432,0.969991331092876,0.9735643457781348,0.9055989583333334,456,606,0.7227722772277227,0.9605263157894736,0.8248587570621468,0.9749309616634176,0.9532088990775626,0.87890625
resnet50,ep-ms+s-ms,Qca,0.4196797,432,495,0.7393939393939394,0.8472222222222222,0.7896440129449838,0.9458366881374128,0.8926867336072204,0.873046875,249,451,0.5188470066518847,0.9397590361445785,0.6685714285714286,0.9522191329420244,0.7684387725372707,0.8489583333333334
resnet50,ep-ms+s-ms,Qr,0.33046284,1433,1488,0.9516129032258064,0.9881367759944172,0.969530982540226,0.9336987377963266,0.9948640426497148,0.9420572916666666,1511,1533,0.9836921069797782,0.9980145598941098,0.990801576872536,0.8149834546657841,0.9960558449376352,0.9817708333333334
resnet50,ep-ms+s-ms+sds-ms,af1,0.23700956,571,680,0.6470588235294118,0.7705779334500875,0.7034372501998402,0.8490512962442038,0.8062943340079799,0.7584635416666666,435,551,0.6007259528130672,0.7609195402298851,0.6713995943204868,0.8544270099282784,0.7423539612968062,0.7890625
resnet50,ep-ms+s-ms+sds-ms,Qal,0.48375988,950,942,0.8131634819532909,0.8063157894736842,0.8097251585623678,0.84564038081552,0.9100560370663134,0.765625,845,1076,0.6589219330855018,0.8390532544378698,0.7381572097865695,0.7546254035400201,0.8076171900710243,0.6725260416666666
resnet50,ep-ms+s-ms+sds-ms,Qaf,0.07212045,13,65,0.0923076923076923,0.4615384615384615,0.1538461538461538,0.8620637405929592,0.1453106417484827,0.95703125,6,12,0.0,0.0,0.0,0.7214596949891068,0.0196512790684367,0.98828125
resnet50,ep-ms+s-ms+sds-ms,Qat,0.29025075,61,109,0.3119266055045872,0.5573770491803278,0.4,0.9238566268407892,0.3577662914868856,0.93359375,77,132,0.3106060606060606,0.5324675324675324,0.3923444976076555,0.8616469205914031,0.3242743738244847,0.9173177083333334
resnet50,ep-ms+s-ms+sds-ms,Qc,0.45284668,749,784,0.8813775510204082,0.9225634178905208,0.9015003261578604,0.9731162091598624,0.9743441953237244,0.9016927083333334,456,561,0.7718360071301248,0.949561403508772,0.8515240904621436,0.9771320662768032,0.9563800005413866,0.9016927083333334
resnet50,ep-ms+s-ms+sds-ms,Qca,0.4034981,432,385,0.8493506493506493,0.7569444444444444,0.8004895960832313,0.9502985775630702,0.9034088775834348,0.8938802083333334,249,310,0.6387096774193548,0.7951807228915663,0.7084078711985689,0.9404268199448922,0.7294132534152017,0.8938802083333334
resnet50,ep-ms+s-ms+sds-ms,Qr,0.50708824,1433,1490,0.9523489932885906,0.9902302861130496,0.9709202873759836,0.9239086985684184,0.9938533142478057,0.9446614583333334,1511,1529,0.9843034663178548,0.9960291197882196,0.9901315789473684,0.6194705493050959,0.9897378213756044,0.98046875
resnet50,prc-ms+s-ms,af1,0.23161805,571,680,0.6588235294117647,0.7845884413309983,0.7162270183852918,0.8460350444180286,0.7941327249427848,0.7688802083333334,435,603,0.572139303482587,0.7931034482758621,0.6647398843930635,0.8503450363828077,0.7599585318814267,0.7734375
resnet50,prc-ms+s-ms,Qal,0.38228256,950,970,0.8175257731958763,0.8347368421052631,0.8260416666666667,0.8702820190407761,0.924762123582008,0.7825520833333334,845,1199,0.6305254378648875,0.8946745562130177,0.7397260273972602,0.7722501477149144,0.8206686989320144,0.6536458333333334
resnet50,prc-ms+s-ms,Qaf,0.31985968,13,13,0.1538461538461538,0.1538461538461538,0.1538461538461538,0.7508965099247438,0.0605208290365996,0.9856770833333334,6,1,0.0,0.0,0.0,0.6664488017429194,0.009035907025026,0.9954427083333334
resnet50,prc-ms+s-ms,Qat,0.18662678,61,49,0.3469387755102041,0.2786885245901639,0.3090909090909091,0.9160433453737148,0.3032222113660521,0.9505208333333334,77,68,0.1470588235294117,0.1298701298701298,0.1379310344827586,0.6546914360485301,0.0987404924089048,0.9186197916666666
resnet50,prc-ms+s-ms,Qc,0.44029132,749,738,0.9200542005420054,0.9065420560747663,0.9132481506388702,0.9749178489574408,0.97591436068405,0.916015625,456,538,0.7936802973977695,0.9364035087719298,0.8591549295774648,0.9785595354126057,0.9553168894514102,0.9088541666666666
resnet50,prc-ms+s-ms,Qca,0.34582397,432,474,0.7827004219409283,0.8587962962962963,0.8189845474613686,0.9573604401502952,0.911845071961488,0.8932291666666666,249,338,0.6597633136094675,0.8955823293172691,0.7597955706984668,0.9569653907003304,0.7824355426810227,0.908203125
resnet50,prc-ms+s-ms,Qr,0.6586447,1433,1427,0.974772249474422,0.9706908583391486,0.9727272727272728,0.9418695248612796,0.9954152038855136,0.94921875,1511,1525,0.9849180327868852,0.9940436796823297,0.989459815546772,0.7638782263401721,0.9927932285135146,0.9791666666666666
swin,dem+rgb,af1,0.54856706,571,583,0.6912521440823327,0.7057793345008757,0.6984402079722704,0.8388047512318176,0.7820908723209016,0.7734375,435,798,0.2832080200501253,0.5195402298850574,0.3665855636658556,0.4810235209370792,0.2571194822790429,0.4915364583333333
swin,dem+rgb,Qal,0.4550333,950,1040,0.7442307692307693,0.8147368421052632,0.7778894472361809,0.7886707382791449,0.867957546873313,0.7122395833333334,845,6,0.5,0.0035502958579881,0.0070505287896592,0.5574820815386328,0.5886708992936922,0.4498697916666667
swin,dem+rgb,Qaf,0.16515097,13,7,0.0,0.0,0.0,0.906510429819688,0.0573562498802505,0.9869791666666666,6,0,0.0,0.0,0.0,0.0659041394335511,0.002386253081664,0.99609375
swin,dem+rgb,Qat,0.12478019,61,142,0.2394366197183098,0.5573770491803278,0.334975369458128,0.898260627952209,0.2785181697728656,0.912109375,77,0,0.0,0.0,0.0,0.2266451848357263,0.0317465146446732,0.9498697916666666
swin,dem+rgb,Qc,0.627454,749,736,0.8845108695652174,0.8691588785046729,0.8767676767676768,0.9592289931683584,0.9622011842478466,0.880859375,456,227,0.4625550660792951,0.2302631578947368,0.3074670571010249,0.5710079597141001,0.4263785771402489,0.6920572916666666
swin,dem+rgb,Qca,0.40931365,432,468,0.7371794871794872,0.7986111111111112,0.7666666666666667,0.9219693538647344,0.8651470870332663,0.86328125,249,215,0.2093023255813953,0.180722891566265,0.1939655172413793,0.6303754255561484,0.206127262275525,0.7565104166666666
swin,dem+rgb,Qr,0.54386187,1433,1457,0.9574468085106383,0.9734822051639916,0.9653979238754326,0.9342407468885292,0.9950424843222156,0.9348958333333334,1511,1536,0.9837239583333334,1.0,0.9917952084017068,0.759073461283918,0.9894496978974584,0.9837239583333334
swin,ep-ms+prc-ms,af1,0.44610393,571,619,0.6833602584814217,0.7408056042031523,0.7109243697478992,0.8542054209050569,0.8101691141615563,0.7760416666666666,435,595,0.5714285714285714,0.7816091954022989,0.6601941747572816,0.8346811153914415,0.6953921526497957,0.7721354166666666
swin,ep-ms+prc-ms,Qal,0.4965534,950,983,0.8067141403865717,0.8347368421052631,0.8204862907397827,0.8653871025687084,0.9200349048311908,0.7740885416666666,845,1244,0.6117363344051447,0.9005917159763314,0.7285782671134514,0.7327909983815584,0.794359775001205,0.630859375
swin,ep-ms+prc-ms,Qaf,0.14040293,13,19,0.1052631578947368,0.1538461538461538,0.125,0.8959543411283397,0.2266374653551164,0.9817708333333334,6,1,0.0,0.0,0.0,0.8416122004357298,0.0141170188583521,0.9954427083333334
swin,ep-ms+prc-ms,Qat,0.084476955,61,161,0.2546583850931677,0.6721311475409836,0.3693693693693693,0.9269130313976104,0.3635463805904598,0.9088541666666666,77,193,0.1243523316062176,0.3116883116883117,0.1777777777777777,0.7290707921276804,0.109052096943989,0.85546875
swin,ep-ms+prc-ms,Qc,0.42312008,749,765,0.9006535947712418,0.9198931909212285,0.9101717305151916,0.9732892480104772,0.9744644566684276,0.9114583333333334,456,484,0.8202479338842975,0.8706140350877193,0.8446808510638298,0.9674910656270306,0.9391471926500582,0.9049479166666666
swin,ep-ms+prc-ms,Qca,0.30980304,432,488,0.7745901639344263,0.875,0.8217391304347826,0.9592642914653784,0.9129527094984908,0.8932291666666666,249,309,0.686084142394822,0.8514056224899599,0.7598566308243727,0.95950858601461,0.8195109896802371,0.9127604166666666
swin,ep-ms+prc-ms,Qr,0.2076543,1433,1498,0.9499332443257676,0.9930216329378926,0.9709996588195156,0.9299859755147392,0.9944596079653276,0.9446614583333334,1511,1536,0.9837239583333334,1.0,0.9917952084017068,0.9090138980807412,0.9982336102321894,0.9837239583333334
swin,ep-ms+prc-ms+s-ms,af1,0.46652654,571,592,0.6824324324324325,0.7075306479859895,0.6947549441100602,0.8469025344137636,0.7990868794750935,0.7688802083333334,435,603,0.5572139303482587,0.7724137931034483,0.6473988439306358,0.8325952373495359,0.7113044743676178,0.76171875
swin,ep-ms+prc-ms+s-ms,Qal,0.30192345,950,1055,0.8,0.888421052631579,0.8418952618453865,0.8808550386204419,0.9295158616685938,0.7936197916666666,845,1234,0.6296596434359806,0.919526627218935,0.7474747474747475,0.7850503943345979,0.840139831455186,0.658203125
swin,ep-ms+prc-ms+s-ms,Qaf,0.10155914,13,24,0.125,0.2307692307692307,0.1621621621621621,0.8929238850446992,0.1135509994793817,0.9798177083333334,6,6,0.0,0.0,0.0,0.8293028322440087,0.0203475682695631,0.9921875
swin,ep-ms+prc-ms+s-ms,Qat,0.21409512,61,117,0.3247863247863248,0.6229508196721312,0.4269662921348314,0.92755765490414,0.3671268052944391,0.93359375,77,143,0.1048951048951049,0.1948051948051948,0.1363636363636363,0.6552611199629705,0.0797383316547551,0.8763020833333334
swin,ep-ms+prc-ms+s-ms,Qc,0.39383492,749,772,0.9028497409326424,0.9305740987983978,0.9165023011176856,0.9782717490325942,0.9794138188405168,0.9173177083333334,456,570,0.7684210526315789,0.9605263157894736,0.8538011695906432,0.9818855588044184,0.9636769938267112,0.90234375
swin,ep-ms+prc-ms+s-ms,Qca,0.3612184,432,441,0.8117913832199547,0.8287037037037037,0.8201603665521191,0.9597004159957058,0.91343953089267,0.8977864583333334,249,343,0.6588921282798834,0.9076305220883534,0.7635135135135135,0.968729619332029,0.8326244440091545,0.9088541666666666
swin,ep-ms+prc-ms+s-ms,Qr,0.38307378,1433,1484,0.956199460916442,0.9902302861130496,0.9729173808707576,0.941212338836984,0.9953221666239336,0.9485677083333334,1511,1535,0.98371335504886,0.99933818663137,0.9914642153644124,0.8887491727332892,0.99782504605626,0.9830729166666666
swin,ep-ms+s-ms,af1,0.28121534,571,656,0.6539634146341463,0.7513134851138353,0.6992665036674817,0.842000671488072,0.793972701941842,0.759765625,435,626,0.5431309904153354,0.7816091954022989,0.6409048067860509,0.8314301523171204,0.70997788789277,0.751953125
swin,ep-ms+s-ms,Qal,0.38825044,950,1070,0.7850467289719626,0.8842105263157894,0.8316831683168316,0.8722795042213042,0.924029183391192,0.7786458333333334,845,1300,0.5969230769230769,0.9183431952662722,0.7235431235431236,0.7364166502538982,0.8022600474654779,0.6139322916666666
swin,ep-ms+s-ms,Qaf,0.3263106,13,13,0.2307692307692307,0.2307692307692307,0.2307692307692307,0.8586797312995605,0.0754673457634344,0.9869791666666666,6,1,0.0,0.0,0.0,0.6084967320261438,0.0087671231314424,0.9954427083333334
swin,ep-ms+s-ms,Qat,0.21665195,61,120,0.3,0.5901639344262295,0.3977900552486187,0.9224117810502918,0.3231118456341511,0.9290364583333334,77,153,0.2222222222222222,0.4415584415584415,0.2956521739130435,0.77888252939658,0.1607278121756716,0.89453125
swin,ep-ms+s-ms,Qc,0.37761375,749,780,0.8961538461538462,0.9332443257676902,0.9143230869849576,0.978203890659804,0.9798038242529808,0.9147135416666666,456,600,0.73,0.9605263157894736,0.8295454545454546,0.9778955490578296,0.9578195295960128,0.8828125
swin,ep-ms+s-ms,Qca,0.48685053,432,416,0.8221153846153846,0.7916666666666666,0.8066037735849056,0.9560772275899088,0.9107727972382228,0.8932291666666666,249,310,0.6903225806451613,0.8594377510040161,0.7656529516994633,0.961833347375516,0.8233057297468389,0.9147135416666666
swin,ep-ms+s-ms,Qr,0.5540706,1433,1449,0.961352657004831,0.97208653175157,0.9666897987508676,0.9237325456134527,0.9938087940886986,0.9375,1511,1533,0.9843444227005872,0.99867637326274,0.9914586070959264,0.8112508272667108,0.9960626938234752,0.9830729166666666
swin,ep-ms+s-ms+sds-ms,af1,0.3180759,571,698,0.6489971346704871,0.7933450087565674,0.7139479905437353,0.8621634619747194,0.814570647880117,0.763671875,435,680,0.5426470588235294,0.8482758620689655,0.6618834080717488,0.8611335567456962,0.740866381089288,0.7545572916666666
swin,ep-ms+s-ms+sds-ms,Qal,0.4383779,950,1009,0.8107036669970268,0.8610526315789474,0.8351199591628382,0.8670271241243039,0.920916372017302,0.7897135416666666,845,1204,0.6320598006644518,0.9005917159763314,0.7428013665202537,0.7531713749903665,0.8066395108075901,0.6569010416666666
swin,ep-ms+s-ms+sds-ms,Qaf,0.18745719,13,25,0.12,0.2307692307692307,0.1578947368421052,0.8282236476589728,0.0789884721403471,0.9791666666666666,6,1,0.0,0.0,0.0,0.7502178649237472,0.0086823460908761,0.9954427083333334
swin,ep-ms+s-ms+sds-ms,Qat,0.14397088,61,141,0.2695035460992908,0.6229508196721312,0.3762376237623762,0.9182439566546264,0.3041051788009414,0.91796875,77,223,0.2017937219730941,0.5844155844155844,0.3,0.8453219159182148,0.2119036287907104,0.86328125
swin,ep-ms+s-ms+sds-ms,Qc,0.21351771,749,828,0.8671497584541062,0.958611481975968,0.910589727330374,0.980751972558074,0.9814253127171036,0.908203125,456,610,0.7180327868852459,0.9605263157894736,0.8217636022514071,0.980449967511371,0.960901677758976,0.8763020833333334
swin,ep-ms+s-ms+sds-ms,Qca,0.45544988,432,434,0.815668202764977,0.8194444444444444,0.8175519630484989,0.9529258085077832,0.9032650855209636,0.8971354166666666,249,346,0.6502890173410405,0.9036144578313252,0.7563025210084033,0.9622421309168298,0.7948292500666275,0.9055989583333334
swin,ep-ms+s-ms+sds-ms,Qr,0.47806475,1433,1473,0.9558723693143244,0.9825540823447312,0.969029593943565,0.9423708832715668,0.9955888809161448,0.94140625,1511,1530,0.9836601307189542,0.9960291197882196,0.9898059848733968,0.8299669093315685,0.9964452999057708,0.9798177083333334
swin,prc-ms+s-ms,af1,0.5183742,571,483,0.7515527950310559,0.6357267950963222,0.6888045540796964,0.8351932343039663,0.7907344376442238,0.7864583333333334,435,447,0.6353467561521253,0.6528735632183909,0.6439909297052154,0.8274964243582116,0.6890702435733479,0.7955729166666666
swin,prc-ms+s-ms,Qal,0.39053342,950,1013,0.7966436327739388,0.8494736842105263,0.8222109016811003,0.8680474223100414,0.9207109063961084,0.7727864583333334,845,1311,0.5743707093821511,0.8911242603550296,0.6985157699443414,0.6764178490995814,0.7465492356299147,0.5768229166666666
swin,prc-ms+s-ms,Qaf,0.25270137,13,9,0.2222222222222222,0.1538461538461538,0.1818181818181818,0.8476185665942724,0.1035108078636814,0.98828125,6,1,0.0,0.0,0.0,0.786165577342048,0.0117892026612563,0.9954427083333334
swin,prc-ms+s-ms,Qat,0.113396935,61,172,0.2558139534883721,0.7213114754098361,0.3776824034334764,0.9152986940816894,0.3292753746183902,0.9055989583333334,77,149,0.0671140939597315,0.1298701298701298,0.0884955752212389,0.5923911592177526,0.0646666953385301,0.8658854166666666
swin,prc-ms+s-ms,Qc,0.32168037,749,762,0.9094488188976378,0.9252336448598132,0.9172733289212442,0.9790606026162796,0.980205067164829,0.9186197916666666,456,579,0.7564766839378239,0.9605263157894736,0.8463768115942029,0.9819891163092918,0.9640165894782596,0.896484375
swin,prc-ms+s-ms,Qca,0.47208783,432,444,0.8220720720720721,0.8449074074074074,0.8333333333333334,0.965642612721417,0.9268527456250802,0.9049479166666666,249,314,0.7070063694267515,0.891566265060241,0.7886323268206039,0.9647353984703382,0.8165934474925229,0.9225260416666666
swin,prc-ms+s-ms,Qr,0.3620053,1433,1488,0.9543010752688172,0.9909281228192603,0.9722697706264978,0.9438207575932086,0.9957514407720592,0.947265625,1511,1531,0.9856303069888962,0.99867637326274,0.9921104536489151,0.9064990072799473,0.998185022123638,0.984375
vit,dem+rgb,af1,0.35995498,571,773,0.6067270375161707,0.8213660245183888,0.6979166666666666,0.8370697712403473,0.7671848644726255,0.7356770833333334,435,1084,0.2924354243542435,0.728735632183908,0.4173798551678736,0.4999906041529643,0.2854833861522565,0.423828125
vit,dem+rgb,Qal,0.37917712,950,1157,0.7173725151253241,0.8736842105263158,0.7878500237304225,0.7919004850008982,0.8691403000064688,0.708984375,845,171,0.6783625730994152,0.1372781065088757,0.2283464566929134,0.591241575968282,0.6340600736902138,0.4895833333333333
vit,dem+rgb,Qaf,0.058375735,13,84,0.0714285714285714,0.4615384615384615,0.1237113402061855,0.9040860649527754,0.0772793545755917,0.9446614583333334,6,0,0.0,0.0,0.0,0.2738562091503268,0.0029611374927659,0.99609375
vit,dem+rgb,Qat,0.28154284,61,71,0.3098591549295774,0.360655737704918,0.3333333333333333,0.9098416226729648,0.2325885908269408,0.9427083333333334,77,0,0.0,0.0,0.0,0.3466615632482664,0.0426393402027023,0.9498697916666666
vit,dem+rgb,Qc,0.319473,749,817,0.8298653610771114,0.90520694259012,0.8659003831417624,0.9515542112057924,0.9561628668019564,0.86328125,456,1326,0.3408748114630467,0.9912280701754386,0.5072951739618407,0.8419651559454192,0.706732333940964,0.4283854166666667
vit,dem+rgb,Qca,0.443854,432,442,0.7352941176470589,0.7523148148148148,0.7437070938215103,0.9200309061325818,0.8373900431553807,0.8541666666666666,249,509,0.3831041257367387,0.7831325301204819,0.5145118733509235,0.8193301566795543,0.4102989330079135,0.7604166666666666
vit,dem+rgb,Qr,0.18469615,1433,1528,0.93782722513089,1.0,0.9679162445119892,0.932086260747024,0.9948794093451568,0.9381510416666666,1511,1536,0.9837239583333334,1.0,0.9917952084017068,0.7187557908669755,0.9892211691915788,0.9837239583333334
vit,ep-ms+prc-ms,af1,0.4192007,571,535,0.6691588785046729,0.626970227670753,0.6473779385171791,0.8049907897244177,0.7411965388351459,0.74609375,435,650,0.4676923076923077,0.6988505747126437,0.56036866359447,0.7676553185714136,0.5854324022590857,0.689453125
vit,ep-ms+prc-ms,Qal,0.5505778,950,1017,0.7807276302851525,0.8357894736842105,0.8073207930859176,0.8375965511047243,0.8971000134973535,0.7532552083333334,845,1302,0.5798771121351767,0.893491124260355,0.7033069399161621,0.6509971827126453,0.7188258991803964,0.5852864583333334
vit,ep-ms+prc-ms,Qaf,0.02663272,13,64,0.078125,0.3846153846153846,0.1298701298701298,0.860346482145563,0.0485756991088598,0.9563802083333334,6,9,0.0,0.0,0.0,0.7800653594771242,0.0187344053405441,0.990234375
vit,ep-ms+prc-ms,Qat,0.1615361,61,122,0.2295081967213114,0.4590163934426229,0.3060109289617486,0.8942372881355932,0.2387013708823202,0.9173177083333334,77,40,0.025,0.0129870129870129,0.017094017094017,0.5265303579217219,0.0503634714251683,0.9251302083333334
vit,ep-ms+prc-ms,Qc,0.37554476,749,831,0.8447653429602888,0.9372496662216288,0.8886075949367088,0.9700490107097476,0.9715560121499648,0.8854166666666666,456,577,0.7538994800693241,0.9539473684210528,0.8422071636011617,0.973533950617284,0.944796587366136,0.8938802083333334
vit,ep-ms+prc-ms,Qca,0.46742108,432,450,0.7688888888888888,0.8009259259259259,0.7845804988662132,0.94314865136876,0.8735482910687292,0.8763020833333334,249,260,0.7307692307692307,0.7630522088353414,0.7465618860510805,0.9575832467398732,0.7856078522237153,0.916015625
vit,ep-ms+prc-ms,Qr,0.59172887,1433,1469,0.95643294758339,0.9804605722260992,0.9682977257064094,0.9186715357150116,0.9935245863127126,0.9401041666666666,1511,1530,0.9856209150326798,0.9980145598941098,0.991779020059191,0.8884447385837194,0.9979445846720988,0.9837239583333334
vit,ep-ms+prc-ms+s-ms,af1,0.2867207,571,762,0.5643044619422573,0.7530647985989493,0.6451612903225806,0.7859713437928186,0.7118991568232709,0.6920572916666666,435,828,0.4009661835748792,0.7632183908045977,0.5257323832145685,0.7330723375823442,0.5288465719706001,0.6100260416666666
vit,ep-ms+prc-ms+s-ms,Qal,0.437101,950,1105,0.7547511312217194,0.8778947368421053,0.8116788321167884,0.8384749416202623,0.9022809306759484,0.748046875,845,1376,0.5719476744186046,0.931360946745562,0.7086897793786583,0.659591193622141,0.7372008376627288,0.5787760416666666
vit,ep-ms+prc-ms+s-ms,Qaf,0.22951782,13,22,0.0454545454545454,0.0769230769230769,0.0571428571428571,0.8336279610081317,0.0406886899771276,0.978515625,6,8,0.0,0.0,0.0,0.8335511982570807,0.0154724243589835,0.9908854166666666
vit,ep-ms+prc-ms+s-ms,Qat,0.29435256,61,92,0.2826086956521739,0.4262295081967213,0.3398692810457516,0.9150208391219784,0.3154587438747111,0.9342447916666666,77,75,0.0933333333333333,0.0909090909090909,0.0921052631578947,0.5860267217361117,0.0705379258624925,0.91015625
vit,ep-ms+prc-ms+s-ms,Qc,0.26651183,749,823,0.8699878493317132,0.9559412550066756,0.910941475826972,0.9770553877003306,0.9778491204165976,0.9088541666666666,456,632,0.6993670886075949,0.9692982456140352,0.8125,0.9785696881091618,0.9588317388584074,0.8671875
vit,ep-ms+prc-ms+s-ms,Qca,0.26097465,432,519,0.7495183044315993,0.9004629629629629,0.8180862250262881,0.9616294283413848,0.9203639697120268,0.8873697916666666,249,394,0.5812182741116751,0.9196787148594378,0.7122861586314152,0.963409192324855,0.8342915666063406,0.8795572916666666
vit,ep-ms+prc-ms+s-ms,Qr,0.59480184,1433,1448,0.9633977900552486,0.9734822051639916,0.9684137452273516,0.9017337515836829,0.9915696297387696,0.9407552083333334,1511,1522,0.9868593955321944,0.9940436796823297,0.9904385097263436,0.799073461283918,0.9952925423583576,0.9811197916666666
vit,ep-ms+s-ms,af1,0.37936848,571,566,0.6607773851590106,0.6549912434325744,0.6578715919085312,0.8023356895910275,0.7389706505062127,0.7467447916666666,435,774,0.421188630490956,0.7494252873563219,0.5392886683209264,0.747951183354735,0.5580351121123349,0.6373697916666666
vit,ep-ms+s-ms,Qal,0.4506232,950,1098,0.7495446265938069,0.8663157894736843,0.8037109375,0.8222615412250764,0.8907086181721455,0.73828125,845,1299,0.5750577367205543,0.8840236686390532,0.6968283582089553,0.6483699980304679,0.7132021880011786,0.5768229166666666
vit,ep-ms+s-ms,Qaf,0.07230645,13,34,0.088235294117647,0.2307692307692307,0.1276595744680851,0.7896358401939492,0.0615691558021141,0.9733072916666666,6,13,0.0,0.0,0.0,0.487037037037037,0.0044996501231269,0.9876302083333334
vit,ep-ms+s-ms,Qat,0.17714883,61,143,0.2167832167832167,0.5081967213114754,0.3039215686274509,0.8706196165601555,0.237957824275259,0.9075520833333334,77,48,0.0416666666666666,0.0259740259740259,0.032,0.5586373872871474,0.058219696019733,0.9212239583333334
vit,ep-ms+s-ms,Qc,0.441635,749,786,0.8829516539440203,0.9265687583444592,0.9042345276872964,0.9735572885829984,0.9752649865037936,0.904296875,456,599,0.7312186978297162,0.9605263157894736,0.8303317535545024,0.9778996101364522,0.9567190829910412,0.8834635416666666
vit,ep-ms+s-ms,Qca,0.2246121,432,547,0.6745886654478976,0.8541666666666666,0.7538304392236976,0.9398630401234568,0.8738359789593421,0.8430989583333334,249,406,0.583743842364532,0.9518072289156626,0.7236641221374046,0.9570340413713908,0.7580456019642824,0.8821614583333334
vit,ep-ms+s-ms,Qr,0.5277317,1433,1465,0.955631399317406,0.9769713886950454,0.966183574879227,0.8980751902113158,0.9917615794476042,0.9361979166666666,1511,1527,0.9842829076620824,0.9947054930509596,0.989466754443713,0.8318199867637326,0.9959049230578058,0.9791666666666666
vit,ep-ms+s-ms+sds-ms,af1,0.2696723,571,707,0.6364922206506365,0.7880910683012259,0.704225352112676,0.8494070034391079,0.7979641021847581,0.75390625,435,670,0.5328358208955224,0.8206896551724138,0.6461538461538462,0.8446845605353545,0.6924073946886732,0.7454427083333334
vit,ep-ms+s-ms+sds-ms,Qal,0.4023768,950,1123,0.7417631344612645,0.8768421052631579,0.803666184273999,0.8400700556852883,0.9027322493230584,0.7350260416666666,845,1385,0.5689530685920577,0.9325443786982248,0.7067264573991031,0.6856986273216931,0.767363562857188,0.57421875
vit,ep-ms+s-ms+sds-ms,Qaf,0.061261367,13,61,0.081967213114754,0.3846153846153846,0.1351351351351351,0.8625688166068993,0.1092058621398355,0.9583333333333334,6,15,0.0,0.0,0.0,0.7420479302832244,0.0215835766996429,0.986328125
vit,ep-ms+s-ms+sds-ms,Qat,0.16973448,61,160,0.24375,0.639344262295082,0.3529411764705882,0.9036065573770492,0.2741464643882532,0.9069010416666666,77,125,0.28,0.4545454545454545,0.3465346534653465,0.7253411427503271,0.2339574851154992,0.9140625
vit,ep-ms+s-ms+sds-ms,Qc,0.44424912,749,813,0.8868388683886839,0.9626168224299064,0.9231754161331626,0.9831168368498108,0.9837143743893506,0.921875,456,607,0.728171334431631,0.9692982456140352,0.8316086547507056,0.9846775503573748,0.9697587391404684,0.8834635416666666
vit,ep-ms+s-ms+sds-ms,Qca,0.39910543,432,516,0.7209302325581395,0.8611111111111112,0.7848101265822784,0.9465055522007516,0.8931967319042522,0.8671875,249,380,0.6078947368421053,0.927710843373494,0.7344992050874404,0.9571963065938968,0.7703894010702541,0.8912760416666666
vit,ep-ms+s-ms+sds-ms,Qr,0.24651521,1433,1517,0.94067237969677,0.9958129797627356,0.967457627118644,0.894877336567321,0.9913660598613518,0.9375,1511,1536,0.9837239583333334,1.0,0.9917952084017068,0.8508537392455328,0.9970172510480656,0.9837239583333334
vit,prc-ms+s-ms,af1,0.22083297,571,915,0.521311475409836,0.8353765323992994,0.6419919246298789,0.7983503171420017,0.7363321760799207,0.6536458333333334,435,1130,0.3486725663716814,0.9057471264367816,0.5035143769968051,0.7453871610970174,0.5535467205745364,0.494140625
vit,prc-ms+s-ms,Qal,0.42821917,950,1160,0.7379310344827587,0.9010526315789472,0.8113744075829384,0.8407059457517514,0.8994973179266432,0.7408854166666666,845,1391,0.5693745506829619,0.9372781065088758,0.7084078711985689,0.647652403257435,0.7134041396909,0.5755208333333334
vit,prc-ms+s-ms,Qaf,0.031277478,13,103,0.0388349514563106,0.3076923076923077,0.0689655172413793,0.8441335420980858,0.0887683560231133,0.9296875,6,30,0.0,0.0,0.0,0.7450980392156863,0.0112074408302319,0.9765625
vit,prc-ms+s-ms,Qat,0.22952937,61,79,0.2025316455696202,0.2622950819672131,0.2285714285714285,0.8720978049458182,0.1870535220221184,0.9296875,77,24,0.0,0.0,0.0,0.5213364428580329,0.0525082144563165,0.9342447916666666
vit,prc-ms+s-ms,Qc,0.49967358,749,773,0.8939197930142303,0.9225634178905208,0.9080157687253614,0.9743427492480444,0.9756881295562472,0.9088541666666666,456,574,0.7578397212543554,0.9539473684210528,0.8446601941747572,0.9766305230669264,0.9535244107744272,0.8958333333333334
vit,prc-ms+s-ms,Qca,0.42373443,432,493,0.7606490872210954,0.8680555555555556,0.8108108108108109,0.958809296162104,0.9113781160430904,0.8860677083333334,249,335,0.6686567164179105,0.8995983935742972,0.7671232876712328,0.965737074170809,0.8460923591471895,0.9114583333333334
vit,prc-ms+s-ms,Qr,0.33987233,1433,1489,0.9536601746138348,0.9909281228192603,0.971937029431896,0.9110495328559136,0.9927269146916043,0.9466145833333334,1511,1532,0.9856396866840732,0.99933818663137,0.9924416694051924,0.8699404367968233,0.9970712157339086,0.9850260416666666
