model,input,precision (id),precision (cd),recall (id),recall (cd),f1 (id),f1 (cd),f1 (delta),map (id),map (cd),map (delta),auroc (id),auroc (cd),accuracy (id),accuracy (cd)
resnet18,aerial,0.5632222871777144,0.3291979795367265,0.6656899488772494,0.4312601892212572,0.6029730441682055,0.295909549676827,0.3070634944913785,0.6434572516135225,0.3177792672473844,0.3256779843661381,0.8554166938788851,0.4853953156498161,0.8473772321428571,0.6783854166666666
resnet18,dem,0.6320320853635693,0.4337856848724411,0.7576458889294398,0.6362819774956753,0.674444931728406,0.4986153453398109,0.1758295863885951,0.723064161884735,0.5614855933242533,0.1615785685604817,0.9002997186229191,0.7543457963012138,0.8699776785714286,0.8049665178571429
resnet18,ep101,0.5778926256768733,0.5075328915199899,0.6724286746507703,0.6073406331854755,0.6208090880277256,0.5500865035572128,0.0707225844705128,0.693959839924608,0.5856294381685709,0.108330401756037,0.8734574931444677,0.8007418348950633,0.8544456845238095,0.8327752976190477
resnet18,ep11,0.6106337157157226,0.4190996825167853,0.672216828171539,0.3061606371597197,0.6344349657486875,0.3223044074886045,0.312130558260083,0.6899355187964842,0.4119969356266075,0.2779385831698767,0.8781083066635452,0.614095996211177,0.8656063988095238,0.8146391369047619
resnet18,ep201,0.5916639693351826,0.4809991888839384,0.7375999599186093,0.5856770609757979,0.6455885573773881,0.5227954913711066,0.1227930660062814,0.7002615461131921,0.550180038175774,0.1500815079374181,0.8795018429600846,0.8096164905081119,0.8538876488095238,0.830078125
resnet18,ep21,0.699097535975576,0.4586314693529438,0.6576669556592314,0.3683589459838329,0.6457450035930482,0.3730698607531594,0.2726751428398888,0.6941916532809547,0.4318209257565293,0.2623707275244253,0.8762258828279438,0.6530950565460694,0.8658854166666666,0.8252418154761905
resnet18,ep51,0.6503184577196409,0.5161212995881901,0.6785111111063425,0.4384480922335257,0.662626302925262,0.4582876643961615,0.2043386385291005,0.706028049493529,0.5018256724229617,0.2042023770705673,0.879047613488325,0.7386203006096143,0.8683965773809523,0.8328683035714286
resnet18,ep5,0.6051809486999244,0.3666042119694791,0.7030445342662363,0.4037811486547266,0.6447585402363244,0.3576298807194535,0.2871286595168709,0.6895601870760399,0.3962622113660331,0.2932979757100068,0.8853960440545834,0.5974868893726472,0.8625372023809523,0.7984561011904762
resnet18,nhd,0.4071211206260505,0.3498436397410767,0.7304595703350412,0.7220902164902433,0.5078550882500351,0.4427767637521445,0.0650783244978906,0.4510629354312838,0.3708447582279066,0.0802181772033772,0.6254506306215882,0.5776896564696566,0.6728050595238095,0.6303943452380952
resnet18,nir,0.5371811142823513,0.2876579950478334,0.747491025198298,0.3297035608236628,0.5944471052029267,0.2901465056508027,0.3043005995521239,0.6172351057606706,0.3152106939546035,0.3020244118060671,0.8036530255924548,0.4496629700748812,0.7985491071428571,0.6693638392857143
resnet18,osm,0.4438876648541792,0.3714540864816885,0.8477434855840829,0.8453766423164286,0.5346275634806522,0.4574167070343669,0.0772108564462853,0.4701516360213714,0.3842746881639181,0.0858769478574533,0.6473196322047017,0.5810812467423483,0.6607142857142857,0.5524553571428571
resnet18,plc100,0.4715730984526169,0.3731132196868244,0.7549848769834808,0.6339601994566998,0.5616218593406896,0.4475550289913333,0.1140668303493563,0.5397695016375483,0.4024094645636867,0.1373600370738616,0.7597800174609313,0.6845191460495214,0.7391183035714286,0.7099144345238095
resnet18,plc10,0.5533641615330634,0.4081119257420048,0.7002820052353328,0.6839846910702218,0.6125448820909404,0.496845429513483,0.1156994525774574,0.6489113535349783,0.5176811778209129,0.1312301757140653,0.8378420026693837,0.7080880487661131,0.8163132440476191,0.7553943452380952
resnet18,plc200,0.4591605094411693,0.3571517571756152,0.6710988484675339,0.6229710769872063,0.5286035071100049,0.4220295047320551,0.1065740023779498,0.4912482231725915,0.385416951488417,0.1058312716841745,0.6765885764501405,0.6349090616049914,0.7155877976190477,0.6658296130952381
resnet18,plc20,0.56171913761829,0.4280242493284573,0.648310377571611,0.5625055325200564,0.5984418734196325,0.4570665814198759,0.1413752919997566,0.6303789990197706,0.4790939484369591,0.1512850505828114,0.8265567515298825,0.7162138322776654,0.8248697916666666,0.7534412202380952
resnet18,plc50,0.4967292295475873,0.3852118093109004,0.7325665108929612,0.5862290317565257,0.5785728188655141,0.4459854242926217,0.1325873945728924,0.5844924606331959,0.4284451883505245,0.1560472722826714,0.7932730687876752,0.6946092355460589,0.7707403273809523,0.7247023809523809
resnet18,plc5,0.5247246016764586,0.4262409576439831,0.6872235697022668,0.6681666036860802,0.5893454626102933,0.5073994053634657,0.0819460572468275,0.6212312632986327,0.5155479486317404,0.1056833146668922,0.8212525289869532,0.7709856829885654,0.8163132440476191,0.7925967261904762
resnet18,prc100,0.5771441550810404,0.4492570818129845,0.717077280617415,0.6666334256313374,0.6300826961888758,0.5208784584003362,0.1092042377885396,0.6547671604274669,0.5267433314339767,0.1280238289934901,0.8370817106653604,0.7389909345853916,0.8338913690476191,0.7923177083333334
resnet18,prc10,0.6355758734580583,0.505167756195033,0.6615507562894429,0.6414848651109349,0.6455530095885406,0.5605333260511621,0.0850196835373784,0.6861561928670692,0.5875442699212002,0.0986119229458689,0.8720327104767571,0.7941998613425205,0.8714657738095238,0.8537946428571429
resnet18,prc200,0.5573729474754664,0.4772378114512202,0.7992738993915037,0.6526429546770748,0.6157457612682703,0.5334881275335449,0.0822576337347253,0.6175937846330335,0.531190949466085,0.0864028351669484,0.8318973008489606,0.7139292394099248,0.8042224702380952,0.7885974702380952
resnet18,prc20,0.585350262828982,0.4513992222052914,0.7480779555733487,0.7411510990123417,0.6451591752915065,0.5401536542205944,0.1050055210709121,0.6725271702352654,0.5628470546325276,0.1096801156027378,0.8750990532685432,0.7875212342475327,0.8488653273809523,0.7802269345238095
resnet18,prc50,0.5989366893692154,0.4825540181050853,0.7310750966790046,0.688495623453767,0.6366355858620479,0.5496512174711567,0.0869843683908911,0.6495676451845772,0.542269543067083,0.1072981021174942,0.8563805011830574,0.7415077754109396,0.8351934523809523,0.7918526785714286
resnet18,prc5,0.6120915787590301,0.5027962263640712,0.6733519945940808,0.6778033846556485,0.6353561119690516,0.5667654902860584,0.0685906216829932,0.68231342706075,0.5956695605838113,0.0866438664769387,0.8731499482496788,0.7883682481868586,0.8620721726190477,0.8450520833333334
resnet18,rgb,0.5598843347356152,0.2987017233722361,0.6056298486965899,0.4726994155690602,0.5790818720899534,0.3215427228558036,0.2575391492341498,0.624748797856059,0.3317647431063192,0.2929840547497397,0.8270442555311085,0.5089735618127303,0.8432849702380952,0.6675967261904762
resnet18,s100,0.5407475235137837,0.4761463909598046,0.7506719680325393,0.7034710155602439,0.6049526872951985,0.5509791599481992,0.0539735273469992,0.6270174615397485,0.5300802297941495,0.0969372317455989,0.8329354985263272,0.7392301838429461,0.8103608630952381,0.7896205357142857
resnet18,s10,0.6057042088631593,0.4938656048700894,0.7220625944320348,0.6830038879707679,0.64816688913922,0.5665343668466695,0.0816325222925505,0.6766223328553126,0.5765835976355914,0.1000387352197211,0.872490748147794,0.822298280629906,0.8612351190476191,0.8374255952380952
resnet18,s200,0.5103661489588608,0.4500047017974355,0.7907699151599095,0.6965355827811834,0.5978323493128153,0.5304487612814471,0.0673835880313681,0.5998480815603251,0.5270702534928206,0.0727778280675045,0.8192944548808462,0.7128398033430322,0.7850632440476191,0.7724144345238095
resnet18,s20,0.6058662643736251,0.4934373432218631,0.708816306470272,0.6500666364746334,0.6407226207253033,0.5551512852367849,0.0855713354885183,0.6734754078997938,0.5537780195975863,0.1196973883022074,0.8647016675312379,0.7811395648656936,0.8559337797619048,0.8283110119047619
resnet18,s50,0.5952929152949981,0.5188659384794322,0.7046241511599447,0.6892460359053812,0.6369375711664809,0.5741358637514565,0.0628017074150243,0.6564883044133139,0.5684024130851543,0.0880858913281595,0.838165971243933,0.7910013267348291,0.8399367559523809,0.8091517857142857
resnet18,s5,0.6417251501577639,0.5133341794162947,0.6769191114652859,0.6937426432741829,0.657348470437276,0.5834473373239077,0.0739011331133682,0.7022124750696968,0.6046184938816225,0.0975939811880742,0.8659696705865686,0.8344076479006514,0.8720238095238095,0.8436569940476191
resnet18,sds101,0.5109557580268964,0.4363758520017334,0.7347018883722409,0.7065731390747482,0.5813269221088492,0.526631551200503,0.0546953709083462,0.6023377668253049,0.515923942999908,0.0864138238253969,0.7985009927257465,0.7314533434969832,0.794921875,0.7831101190476191
resnet18,sds11,0.5906782651638302,0.488719033803789,0.6814406380172985,0.676253690061536,0.6295596174997404,0.5600804354315789,0.0694791820681615,0.6731201637216893,0.5637143960044132,0.109405767717276,0.8492081217382778,0.719721762855628,0.8493303571428571,0.8311941964285714
resnet18,sds201,0.5129696991257993,0.4528965515507206,0.6505470190569433,0.6630653659187279,0.5695656548975101,0.5199625642852032,0.0496030906123069,0.6003329203300408,0.5207222697002646,0.0796106506297762,0.7960000794837149,0.7249913219859856,0.8169642857142857,0.7908296130952381
resnet18,sds21,0.6128260504308992,0.5038125003749035,0.6817108946662322,0.6913571642807567,0.6391932113419652,0.5781276211962257,0.0610655901457394,0.6644426580217759,0.5997454577138875,0.0646972003078883,0.8394152465955776,0.7726419310045484,0.8520275297619048,0.8352864583333334
resnet18,sds51,0.5778799024362831,0.4774069085733666,0.7414917458728131,0.708094445685553,0.6325757626199929,0.559742460278917,0.0728333023410758,0.6666069579540073,0.5787341772365534,0.0878727807174538,0.8403568097572336,0.7474286268830147,0.8399367559523809,0.8160342261904762
resnet18,sds5,0.6134609900585355,0.4783690998938435,0.6676374956330241,0.6476760530109483,0.6340622885006029,0.536194750425586,0.0978675380750169,0.6627354103147904,0.5610090879390801,0.1017263223757103,0.8445098250850362,0.7447578472656181,0.8515625,0.8244047619047619
resnet50,aerial,0.5677897743456976,0.3063043796156316,0.6426907308838458,0.4142493283985792,0.5993854758281537,0.3262141702483211,0.2731713055798326,0.6255367551302055,0.3360701292613358,0.2894666258688697,0.829526607738259,0.4756926497464286,0.84375,0.732421875
resnet50,dem,0.6455718544586954,0.3976266796726029,0.6384360751568681,0.6069757414783016,0.6346102250183145,0.4715360797215528,0.1630741452967617,0.68625061553813,0.5074481907330559,0.1788024248050741,0.8912174312015001,0.6945607317063788,0.8694196428571429,0.787109375
resnet50,ep101,0.5724834005058632,0.4665679675189438,0.7179540499592981,0.6121320832229212,0.6243677251019232,0.5182107297266038,0.1061569953753194,0.669694994796429,0.5418233046561179,0.127871690140311,0.8673514488580455,0.7749169820724112,0.8432849702380952,0.8078497023809523
resnet50,ep11,0.6059609856528807,0.4440715627957926,0.688525219653679,0.4095561223591022,0.6280865161751464,0.4042691832002962,0.2238173329748502,0.6819441104791749,0.4552558883142831,0.2266882221648918,0.8638808223353189,0.6761082895570399,0.8559337797619048,0.82421875
resnet50,ep201,0.5869043784929663,0.4927776889185385,0.7088734690260393,0.618256202473325,0.6314860125805728,0.5374412678342938,0.094044744746279,0.6836127819661141,0.552328087508786,0.131284694457328,0.8643752266609919,0.7798333444537165,0.8497023809523809,0.8214285714285714
resnet50,ep21,0.6496820603930106,0.4633163870964473,0.658071264707056,0.3930302187392794,0.6476743370938255,0.4141137255059997,0.2335606115878258,0.699904414252054,0.4709275082550436,0.2289769059970103,0.8668209953685597,0.7038981538638821,0.8665364583333334,0.8275669642857143
resnet50,ep51,0.5782802612648252,0.4520413767699768,0.6861247115356529,0.5884463277371418,0.615270756817068,0.5012598693505982,0.1140108874664698,0.6728208514113158,0.5020989374130608,0.1707219139982549,0.8607186397438662,0.7395039323292526,0.8433779761904762,0.7959449404761905
resnet50,ep5,0.605068538545959,0.382000889747269,0.7108588907768548,0.5118244842170487,0.642167027346618,0.3953131500789855,0.2468538772676325,0.6783259675560609,0.4625187824288158,0.2158071851272451,0.8707388918153535,0.6890109907525284,0.8534226190476191,0.7798549107142857
resnet50,nhd,0.4102438845993308,0.3456558003204695,0.7111536612762241,0.6902595285922829,0.506654906421954,0.4327477522939059,0.0739071541280481,0.4606740180104639,0.3622460768034276,0.0984279412070363,0.6367557952483883,0.5542881352100935,0.6834077380952381,0.6343005952380952
resnet50,nir,0.570462076127966,0.2776102767705053,0.6437199314837542,0.3478947611247678,0.5986486967399122,0.2712438091110364,0.3274048876288757,0.6242240871795068,0.3105306687424158,0.313693418437091,0.8018697308550988,0.4698282624015212,0.8372395833333334,0.6627604166666666
resnet50,osm,0.4420383338105784,0.3668017000113567,0.8461289101839647,0.8312356526966717,0.5374649525626359,0.4568658072191779,0.080599145343458,0.4846825148966326,0.3986627521362154,0.0860197627604172,0.6748821184040282,0.6110466198125957,0.6715959821428571,0.5612909226190477
resnet50,plc100,0.4624210928133719,0.366588915169427,0.7590828688776131,0.6499904129424081,0.5590324975595434,0.4451523695002571,0.1138801280592863,0.532650485790148,0.3987023227532876,0.1339481630368603,0.7435272472989547,0.6808373894031658,0.7283296130952381,0.6915922619047619
resnet50,plc10,0.539108355533856,0.4124197196325005,0.6802020163211312,0.5969426638726022,0.5951523501070807,0.4798805492924741,0.1152718008146065,0.628566883271797,0.479707747088011,0.148859136183786,0.8263066089028638,0.7388135129964252,0.8178943452380952,0.7731584821428571
resnet50,plc200,0.4224584066693055,0.3459416433293878,0.7266011436338219,0.6933593879388967,0.5214289832385758,0.4334514042861298,0.0879775789524459,0.4761586500684336,0.3741445539080824,0.1020140961603512,0.6680554342026364,0.6368058753900346,0.6940104166666666,0.6326264880952381
resnet50,plc20,0.5406419799067456,0.4083419112013353,0.6406669338850044,0.5543736224129093,0.5845843505969607,0.4594343917989912,0.1251499587979694,0.6206607175778621,0.4562998929585467,0.1643608246193154,0.8155753272567579,0.7048731856851342,0.8205915178571429,0.7672061011904762
resnet50,plc50,0.4758282012469136,0.3885880003743142,0.7106741840866798,0.6129758726468175,0.5614067915322274,0.4579658971347257,0.1034408943975017,0.5593028655959686,0.426345022904551,0.1329578426914176,0.7795432468690394,0.696983923455989,0.7624627976190477,0.7248883928571429
resnet50,plc5,0.5147877078369142,0.4599656846403668,0.6910169826504641,0.7054693225199165,0.5803689657475465,0.5416999926944951,0.0386689730530513,0.6107098241838023,0.510983277003777,0.0997265471800252,0.8028860398118672,0.7341744890879107,0.8034784226190477,0.7606956845238095
resnet50,prc100,0.55416622997811,0.4353729214609402,0.7427983343851208,0.6828387758160356,0.6232406963452622,0.5157651810726944,0.1074755152725678,0.6310292089960473,0.5246677581929887,0.1063614508030585,0.8338143455152975,0.7157644385372377,0.8193824404761905,0.7811569940476191
resnet50,prc10,0.6053778964327823,0.4921471242575935,0.6950554028816184,0.7017536267804323,0.633120313866832,0.5599928455266726,0.0731274683401593,0.6910846108795733,0.6000254637126855,0.0910591471668877,0.8667642404308269,0.7899462316696503,0.8547247023809523,0.8289620535714286
resnet50,prc200,0.5528637499336957,0.4641227451540988,0.7811621122181194,0.6753710003971264,0.6128236468248038,0.527313954006097,0.0855096928187068,0.6198743349215968,0.514869472823295,0.1050048620983018,0.8230901988643807,0.7169909804269646,0.80078125,0.78125
resnet50,prc20,0.5914478129662549,0.4627784387592668,0.6912765666016308,0.6447500075014805,0.6215457378757281,0.5260492956259691,0.0954964422497589,0.6608468553638681,0.5479164698789998,0.1129303854848683,0.8585608373907965,0.758999547314879,0.8507254464285714,0.8132440476190477
resnet50,prc50,0.5616591517478956,0.4432547607377273,0.737188327165517,0.6682183896115887,0.6205914115930613,0.5154832972313621,0.1051081143616992,0.6341679906645137,0.5354894149188295,0.0986785757456841,0.8450688237283763,0.7565206401521216,0.8223586309523809,0.7872953869047619
resnet50,prc5,0.6028179741866858,0.4920139082120056,0.6991235801387509,0.7168689188458386,0.6402913687176872,0.5701903329879314,0.0701010357297557,0.6767216041322407,0.595437257271992,0.0812843468602486,0.8717429186720695,0.7625568001892306,0.8582589285714286,0.8295200892857143
resnet50,rgb,0.551195061713515,0.3112026084213871,0.6971341920045778,0.4367307598883207,0.60559621510333,0.3275209793002947,0.2780752358030352,0.6253789333178853,0.3510441259153933,0.274334807402492,0.8254467345925375,0.5351630010326581,0.8293340773809523,0.6989397321428571
resnet50,s100,0.5383317298646123,0.4556103148542785,0.7359945524561212,0.6825771133911235,0.6120930623046424,0.530967703544722,0.0811253587599204,0.6145353936209891,0.5301851089462023,0.0843502846747867,0.8285143882012014,0.7211139371451297,0.8137090773809523,0.7861793154761905
resnet50,s10,0.5745861664979629,0.4790302946059114,0.6861109052595608,0.6703039703191565,0.6235406937173841,0.5519868479756624,0.0715538457417216,0.6708936147958208,0.5785295578679112,0.0923640569279096,0.8662878506713195,0.8010380172479955,0.8539806547619048,0.8385416666666666
resnet50,s200,0.5291239519659596,0.4806712730711462,0.7328065025058296,0.6617064231562492,0.5970522709387124,0.5379931732148687,0.0590590977238436,0.5876252550605291,0.5218636863352311,0.065761568725298,0.8136087518728413,0.7073270854813553,0.8031063988095238,0.7926897321428571
resnet50,s20,0.5785563932130017,0.4994637583575576,0.663132073271724,0.663392414071489,0.6137249717213449,0.5656959245903067,0.0480290471310381,0.6635921686747915,0.568297423841038,0.0952947448337535,0.8638029454586772,0.7876611987250285,0.8557477678571429,0.8353794642857143
resnet50,s50,0.5517069939219506,0.477052266755967,0.7708287269477434,0.7233492983461606,0.6241211662700997,0.5585297820670895,0.0655913842030102,0.6584175450329849,0.558884393324174,0.0995331517088109,0.8366326620743553,0.7773254274363859,0.8178013392857143,0.7909226190476191
resnet50,s5,0.5827434613577356,0.4655392158224781,0.7462233568690433,0.7202988936847172,0.6340896085176704,0.5485180664019145,0.0855715421157559,0.6881687160868711,0.5726008480173681,0.115567868069503,0.864420558778422,0.8028505429006856,0.8451450892857143,0.8078497023809523
resnet50,sds101,0.5256438939238267,0.4446643805072498,0.7002756573412395,0.6658133878116087,0.5779602447537017,0.5198075025573293,0.0581527421963723,0.6037627056429574,0.486583803077746,0.1171789025652114,0.7853218687120437,0.7040470008318575,0.8051525297619048,0.7731584821428571
resnet50,sds11,0.5632203628058475,0.4780770030815061,0.7107349716274843,0.6833379971092332,0.6151918996728565,0.5546870998966285,0.060504799776228,0.6461835183804473,0.5551775282081941,0.0910059901722531,0.8349270291960005,0.731470563526394,0.833984375,0.8200334821428571
resnet50,sds201,0.5209156110802684,0.4560578044448792,0.6964593396030391,0.6510638930668604,0.5779542422946539,0.5207933632685225,0.0571608790261313,0.5866217555283455,0.5052130936740851,0.0814086618542604,0.7667499628236841,0.7362887824190093,0.8005022321428571,0.7821800595238095
resnet50,sds21,0.5473106303061802,0.4447781676153647,0.7099473916384006,0.6493925863866327,0.6081303877985046,0.5202202490902778,0.0879101387082268,0.6465388182941982,0.5301444084281938,0.1163944098660044,0.8432136359476176,0.6798400141738077,0.8272879464285714,0.8073846726190477
resnet50,sds51,0.5496999929388322,0.4599533942433995,0.7002830583340206,0.720564310455002,0.6066384451519982,0.549963498912922,0.0566749462390762,0.6185711723464322,0.5600996616175279,0.0584715107289043,0.8005509910238248,0.7512278996537248,0.8213355654761905,0.8028273809523809
resnet50,sds5,0.5614401813661768,0.4606603804469867,0.7119893444910793,0.6876841862975723,0.6222264566842545,0.544047799394667,0.0781786572895875,0.6475611215081225,0.5679906481524978,0.0795704733556247,0.8340926224851016,0.7106559037323944,0.8388206845238095,0.8154761904761905
swin,aerial,0.5544084185067193,0.433340494814185,0.6954207069635923,0.3163459528899633,0.6132707978584576,0.3469534425885914,0.2663173552698662,0.6563605993913338,0.4298535749890157,0.2265070244023181,0.8636677876461499,0.6384424439988408,0.8369605654761905,0.8018973214285714
swin,dem,0.5956168025256584,0.4357041268913458,0.7316903109592675,0.6474523250759515,0.6442622199211667,0.5114534126119475,0.1328088073092191,0.7041034731519424,0.5413790642533592,0.1627244088985832,0.8933586380286485,0.7253076002051425,0.8577008928571429,0.8031994047619048
swin,ep101,0.5916559640878777,0.471498213946695,0.7148722465743339,0.6684022572824243,0.6419160354800344,0.5442174912798051,0.0976985442002292,0.6844277851278137,0.5651432023616934,0.1192845827661203,0.8705615159960531,0.7932520347431169,0.8495163690476191,0.8110119047619048
swin,ep11,0.6083238225694579,0.4535249560802745,0.7340053521964502,0.3882451477767515,0.6415324039112532,0.3774503179652406,0.2640820859460126,0.6964688570618666,0.4417391718688104,0.2547296851930561,0.8862686331689006,0.6810899019079291,0.8563988095238095,0.8271019345238095
swin,ep201,0.6034310436106186,0.4717703015957853,0.6985924865449272,0.6299948989272571,0.6329322319209792,0.5218838222297467,0.1110484096912325,0.6824950329089231,0.5605792371171758,0.1219157957917472,0.868290214267206,0.763043281655815,0.8548177083333334,0.8060825892857143
swin,ep21,0.6205643879737154,0.5092464737065193,0.6579268331204522,0.3768751802225428,0.6354562755113317,0.4035421576692149,0.2319141178421167,0.6809225209227291,0.47967501896226,0.2012475019604691,0.8826033626733018,0.7434200326475187,0.8656063988095238,0.8383556547619048
swin,ep51,0.6419192360298135,0.5187804564187203,0.7108424968617324,0.4645835155133339,0.6726424702268894,0.47265835890384,0.1999841113230493,0.7096589434293252,0.5140435919829958,0.1956153514463294,0.8858600747128306,0.7708722431283458,0.8668154761904762,0.8372395833333334
swin,ep5,0.5964419468476809,0.4827269826307638,0.7000604466883807,0.4490615028242472,0.6335065199870115,0.4245354635537531,0.2089710564332583,0.6803245908737667,0.4773291350871008,0.2029954557866659,0.8829172352996709,0.7026118892843642,0.857421875,0.8277529761904762
swin,nhd,0.405687159374228,0.3427215290950559,0.8118549895605095,0.7326588587023377,0.5114594226170405,0.4360910670482563,0.0753683555687841,0.4485384894887953,0.3613838874290576,0.0871546020597377,0.6166569475440989,0.562596489183819,0.6360677083333334,0.5911458333333334
swin,nir,0.5671256523550937,0.2905689349157606,0.6520889088510602,0.3346151860310623,0.5972889700022487,0.28901659987884,0.3082723701234087,0.6221358731839512,0.316114100578012,0.3060217726059392,0.8115431838171261,0.4472420011400233,0.8336123511904762,0.7180989583333334
swin,osm,0.4414495154066311,0.3685973557095167,0.8294290353884711,0.825976483369004,0.5342333383353638,0.4595592711362091,0.0746740671991547,0.4860731960433173,0.4056614159881077,0.0804117800552096,0.6767291755057687,0.6227096547559106,0.6753162202380952,0.5764508928571429
swin,plc100,0.4395800079188397,0.361051773669685,0.7468677441063047,0.6934402847892686,0.5389377922920228,0.4471525001687228,0.0917852921232999,0.4998900871986737,0.3831402244852923,0.1167498627133814,0.7112978791417328,0.6208557579330637,0.7082403273809523,0.6689918154761905
swin,plc10,0.5346214038507731,0.4341409274338054,0.7070250739122369,0.574440554189159,0.5888406825950562,0.4833747156901158,0.1054659669049403,0.6093927401372606,0.4821296847413704,0.1272630553958902,0.8186975274748179,0.7447775441895537,0.8096168154761905,0.7900855654761905
swin,plc200,0.3961467512427847,0.3307149982187506,0.7171211616835605,0.7067955639510971,0.4927212454327233,0.4162224136582347,0.0764988317744885,0.4141773175094039,0.3389243772534386,0.0752529402559653,0.5315107547399006,0.4810311403342668,0.6605282738095238,0.6029575892857143
swin,plc20,0.5381082777762455,0.4170994118130645,0.6945150395481653,0.5867046503154386,0.5974467876269033,0.4654646617292953,0.131982125897608,0.6272045559032767,0.4703577746616854,0.1568467812415913,0.8240737447235801,0.7306899474289492,0.8049665178571429,0.7448846726190477
swin,plc50,0.493959636469015,0.4120153896190609,0.6626456891282135,0.5808178849025748,0.5570956249008655,0.4402092249029061,0.1168863999979594,0.5688972105156601,0.4351878024286745,0.1337094080869856,0.7660695659291903,0.6964582972404502,0.7715773809523809,0.724609375
swin,plc5,0.5316462289421763,0.4374299881705584,0.7066252591476481,0.7309009375308462,0.5965935588658373,0.5346885797455425,0.0619049791202948,0.6238330858138198,0.5067998445646658,0.117033241249154,0.8233036680896841,0.7339045547644502,0.8087797619047619,0.7599516369047619
swin,prc100,0.5535910566548581,0.4481945722010935,0.7558592311223374,0.6780005841813039,0.6186883161502257,0.5245700372550602,0.0941182788951654,0.6194479102457455,0.5250148426246628,0.0944330676210827,0.8429863896988924,0.7360239208157774,0.8182663690476191,0.7826450892857143
swin,prc10,0.596304735095738,0.48895094829955,0.7083085893279008,0.660726929122189,0.6278760995785941,0.5563519143185637,0.0715241852600304,0.6661578244641816,0.5786638527557643,0.0874939717084173,0.8673297345418002,0.7699812667832007,0.8525855654761905,0.8303571428571429
swin,prc200,0.5388254952455028,0.4417062415972047,0.7632937829510086,0.637380469163978,0.6125261632481257,0.5057540316267193,0.1067721316214064,0.6086341778154037,0.5183422875997591,0.0902918902156446,0.8363350966195668,0.7157892645031179,0.8043154761904762,0.7820870535714286
swin,prc20,0.5752633713290772,0.4400222980518585,0.6972691645009073,0.6608894804604996,0.6159185695828003,0.5130976945842642,0.1028208749985361,0.6450816352832,0.5045796037085043,0.1405020315746956,0.8385361159986208,0.7082482640844063,0.8349144345238095,0.7761346726190477
swin,prc50,0.5906521771197172,0.4800821637841426,0.7086164417055334,0.6389242604414612,0.6315541694917622,0.5283793471812571,0.1031748223105051,0.6568683397161669,0.5244017038824734,0.1324666358336934,0.8472482013376504,0.7271230823928175,0.8364025297619048,0.8018973214285714
swin,prc5,0.5784738786230886,0.4739879256971714,0.742185029112612,0.7040385197092629,0.6322983003484027,0.5583821012603395,0.0739161990880632,0.6729720517099338,0.5936760797452203,0.0792959719647135,0.8715074620234339,0.7815435019469976,0.8430989583333334,0.8200334821428571
swin,rgb,0.5835044541313825,0.3241959173800467,0.6677386489283547,0.3641348070218361,0.6173792971695377,0.291538559963899,0.3258407372056386,0.6459710551849093,0.3317505469259668,0.3142205082589425,0.8489286029881696,0.5219356433601672,0.8479352678571429,0.7056361607142857
swin,s100,0.5228311551130475,0.4520490396737208,0.7778605622992927,0.6779403874761413,0.5987704566122259,0.5264015660615179,0.072368890550708,0.5990479305660099,0.5166414563370718,0.0824064742289381,0.8074535931509456,0.6922413871817936,0.7941778273809523,0.7802269345238095
swin,s10,0.5906124624489121,0.4927636608027426,0.7598747157760969,0.7144778511957821,0.6430407726887782,0.5723780928880098,0.0706626798007684,0.6864612139950277,0.582125753203339,0.1043354607916886,0.8585059286444211,0.8198904287798435,0.8513764880952381,0.8268229166666666
swin,s200,0.5170159429295194,0.4402003987725642,0.7519150240805821,0.6747853758610172,0.5939997618051182,0.5171198636378789,0.0768798981672392,0.5767115643932439,0.5127929431548452,0.0639186212383986,0.7910550148241814,0.6810836805667938,0.7960379464285714,0.7852492559523809
swin,s20,0.6008603041329703,0.4905143690042378,0.6896863403001982,0.6373648477626913,0.6375386742352562,0.5498582874346943,0.0876803868005619,0.6685906695627963,0.561518127660058,0.1070725419027383,0.8589565341769567,0.7976577224931954,0.857421875,0.83203125
swin,s50,0.5439805653942597,0.4548915529972496,0.715166229930266,0.6629333872486243,0.6061114000065432,0.5250362355979126,0.0810751644086306,0.6115919369157812,0.5146848738217729,0.0969070630940083,0.8205215720089429,0.7409366333854382,0.8246837797619048,0.7931547619047619
swin,s5,0.5939119180894139,0.5085329749896099,0.7270136708466801,0.7194247555918292,0.6461171865002562,0.5891641578473169,0.0569530286529392,0.6830515192480392,0.5928532960918851,0.0901982231561541,0.8714615584522132,0.7979197223449072,0.8547247023809523,0.8370535714285714
swin,sds101,0.4766997099524156,0.4216438696238565,0.7187287646388615,0.7305721280866251,0.5526438133714591,0.5190750672002603,0.0335687461711987,0.5458790171922925,0.5303874672238283,0.0154915499684641,0.7501916846244226,0.7077645653809216,0.7579055059523809,0.7549293154761905
swin,sds11,0.5869890718342171,0.4874199246853583,0.6764605495704642,0.6702351576817257,0.6233118334343207,0.5564370772431323,0.0668747561911884,0.6543821377275922,0.5352453653310797,0.1191367723965125,0.8234225600989353,0.7111042935317972,0.8473772321428571,0.83203125
swin,sds201,0.4676872679650937,0.4147352922630033,0.7091867750964294,0.7229242210263692,0.5495711803161969,0.5060730734050318,0.043498106911165,0.5336948318656312,0.4960417503128517,0.0376530815527794,0.7405300274150849,0.7067905874564081,0.7552083333333334,0.7436755952380952
swin,sds21,0.5693776342549103,0.4834038933728823,0.6526224060592963,0.6628001545201246,0.604233945697201,0.5515747662245782,0.0526591794726227,0.6450608367600971,0.5435390158789934,0.1015218208811036,0.8300714902726546,0.7271955498309565,0.8433779761904762,0.8257068452380952
swin,sds51,0.4987001515502803,0.436057932591862,0.7449736976610585,0.7313526208752764,0.5787061333842677,0.5319283388222477,0.04677779456202,0.5846169559767389,0.5195388234584616,0.0650781325182773,0.7808517442338365,0.7007844339890539,0.7832961309523809,0.7646019345238095
swin,sds5,0.5627237707320808,0.4800576302573602,0.6843826399655416,0.6855332471727967,0.6132270334690754,0.5527867084345753,0.0604403250345,0.6407488891412587,0.5436165334776069,0.0971323556636518,0.8276625948457743,0.7000766827618444,0.8340773809523809,0.8111049107142857
vit,aerial,0.5459675545556335,0.2996149582430871,0.7067557272872185,0.2746092467498889,0.6013350988562342,0.2762951479148214,0.3250399509414127,0.6245507110986518,0.3495134834764527,0.275037227622199,0.828136104183029,0.4882872518344045,0.8201264880952381,0.7904575892857143
vit,dem,0.5536649764507856,0.4578116667259677,0.8060362627446616,0.6705123837207506,0.6227924973519589,0.5233548006402272,0.0994376967117316,0.6469480572631777,0.5214573125945121,0.1254907446686656,0.8569750809905771,0.6491691784374326,0.8045944940476191,0.7847842261904762
vit,ep101,0.5136061932113466,0.4085370956291705,0.6770851118684283,0.5901202985272115,0.578057396443585,0.4540270966327139,0.1240302998108711,0.6063434098217063,0.4751123549425663,0.13123105487914,0.8111525786475781,0.7204170107145395,0.7982700892857143,0.7640438988095238
vit,ep11,0.5178078522684654,0.4257301678717607,0.72031360026813,0.6196219292124471,0.5776671186564132,0.4882073613302312,0.089459757326182,0.5933685550801447,0.4786697205605089,0.1146988345196358,0.8008194954425832,0.7052935958228611,0.7909226190476191,0.7690662202380952
vit,ep201,0.5050991212217154,0.3891887131080031,0.6605468564163137,0.5890054929413587,0.556826717182976,0.4454966958138732,0.1113300213691028,0.5887316971664331,0.4552037441550052,0.1335279530114279,0.7753054798074949,0.6861329730841214,0.7922247023809523,0.7553013392857143
vit,ep21,0.5336897340959067,0.4513385025556108,0.7240882095181458,0.612807892933547,0.5856265345987569,0.508349246471966,0.0772772881267909,0.6144007009079957,0.4970916905588504,0.1173090103491453,0.8197692283935354,0.7181403097416214,0.8012462797619048,0.7971540178571429
vit,ep51,0.5494257876119529,0.4517102673112679,0.6761883719559008,0.5466637444446228,0.5964751713461078,0.4779930526175451,0.1184821187285627,0.6132991360490226,0.4913555273329801,0.1219436087160425,0.8153648939870635,0.7153073003337903,0.8180803571428571,0.8092447916666666
vit,ep5,0.502180792559725,0.4175468922558694,0.677662910842065,0.6310682516201567,0.5685686147346837,0.4877077154486227,0.080860899286061,0.574925384949922,0.4755556539914504,0.0993697309584715,0.7792503162151874,0.6906263946597928,0.798828125,0.7704613095238095
vit,nhd,0.4041088248942247,0.3476133552791031,0.7546296454456921,0.7504776457112866,0.5073393568681002,0.4424375638727413,0.0649017929953588,0.4434984057398415,0.3627931904298886,0.0807052153099529,0.6158187803366261,0.5642373233095287,0.6592261904761905,0.6193266369047619
vit,nir,0.5049403834468452,0.2687673866271968,0.625616995067073,0.3433941467653828,0.5543664003373393,0.2869908590470552,0.2673755412902841,0.573353555514197,0.3226648068385205,0.2506887486756765,0.7651173231085403,0.4768783054208794,0.8135230654761905,0.7619047619047619
vit,osm,0.4489905577820123,0.3755643862625041,0.8477423795258083,0.8397461769635554,0.5344531304971126,0.4575473917893372,0.0769057387077754,0.4797962851614222,0.3956973027812416,0.0840989823801806,0.6651141919510651,0.5964159529150831,0.6579241071428571,0.5503162202380952
vit,plc100,0.4080446221539138,0.3352706462719985,0.7909564194726464,0.754461088742281,0.4943057976788955,0.4182215655516005,0.0760842321272949,0.4193728204464491,0.3363163314782704,0.0830564889681786,0.5546361537108353,0.5254767521343597,0.5807291666666666,0.5452008928571429
vit,plc10,0.49405225695708,0.4133832168425809,0.6430213740157139,0.585257070880382,0.5531700231808057,0.4757041454141236,0.077465877766682,0.5645945227955692,0.4602366688588613,0.1043578539367079,0.7806454596805082,0.7132500989343039,0.7915736607142857,0.7738095238095238
vit,plc200,0.4033875079028523,0.3443510256972937,0.750064664303502,0.7424310447743201,0.5044108834334301,0.4349037451142054,0.0695071383192247,0.435580382373962,0.3529149099721516,0.0826654724018104,0.6008297117484035,0.6033496465608016,0.65625,0.5971912202380952
vit,plc20,0.499588761980622,0.418215867663601,0.6671349123672506,0.575614551229667,0.5634447857667265,0.4506201042040404,0.1128246815626861,0.5706805238989932,0.4389642332106588,0.1317162906883343,0.7783043697126419,0.6977985117654012,0.7872953869047619,0.7375372023809523
vit,plc50,0.4410295163266881,0.3549408263260643,0.7764845285326951,0.6205988240880388,0.5333357362155907,0.4270243663994131,0.1063113698161776,0.5026575419849099,0.376721146960235,0.1259363950246748,0.704467528062608,0.6531971576560393,0.6971726190476191,0.6860119047619048
vit,plc5,0.4661404703040065,0.394706070541816,0.6974141754068509,0.6256039643244021,0.530384354648713,0.4665802472017454,0.0638041074469676,0.5219716517252256,0.4405613087588712,0.0814103429663544,0.7059272022999703,0.6438876457645301,0.7220982142857143,0.7305617559523809
vit,prc100,0.5561738476728382,0.4518093801148194,0.7534241903064977,0.644204090798758,0.6142971539230064,0.5160154404829401,0.0982817134400663,0.6144563484879738,0.5148596145625405,0.0995967339254333,0.8329161149872777,0.7178548701354293,0.8156622023809523,0.787109375
vit,prc10,0.5479366829705031,0.4261320412747191,0.6797375439493397,0.6542138024110729,0.6017173785087755,0.5071703993177854,0.09454697919099,0.6235140932746576,0.4879555177927268,0.1355585754819308,0.8360492595934365,0.7255060728633721,0.8309151785714286,0.7858072916666666
vit,prc200,0.5400441746935206,0.4399448714760366,0.7535569994514109,0.6542735224795727,0.6121271422255264,0.5110860039409897,0.1010411382845367,0.6112653555502865,0.5106647619231509,0.1006005936271355,0.8394161766521986,0.7174582532923737,0.8033854166666666,0.7821800595238095
vit,prc20,0.5906914449757694,0.4187684478319907,0.7198620180030676,0.667687640359806,0.6351371853460833,0.5020760426131573,0.133061142732926,0.6491737401129303,0.5003506857271879,0.1488230543857424,0.8372899539772309,0.731076927492368,0.8278459821428571,0.7687872023809523
vit,prc50,0.559747192271778,0.4580837713548967,0.7532419897679585,0.689876565174567,0.6190742989372053,0.5326550063439164,0.0864192925932889,0.6236069978422216,0.5110625188076977,0.1125444790345239,0.8376786309378141,0.7177613229686548,0.8214285714285714,0.7779947916666666
vit,prc5,0.4985961624902578,0.4009770323164087,0.6897354709596765,0.6579059506586481,0.5625127366662925,0.4852943516501184,0.0772183850161741,0.578120132980023,0.4718989479303168,0.1062211850497061,0.7677781308532357,0.6929989069718087,0.7867373511904762,0.7560453869047619
vit,rgb,0.5210386820015865,0.3745124586384397,0.7048371627661275,0.2909480101001226,0.5833029115748989,0.2326693931869844,0.3506335183879144,0.5910117860326932,0.3739518825761424,0.2170599034565508,0.7991985134199233,0.5555066921684774,0.8085007440476191,0.7521391369047619
vit,s100,0.5146276056297867,0.4738960487665014,0.828969924819287,0.6770910838435841,0.5825467937092437,0.5381882300441384,0.0443585636651052,0.5714334829721915,0.5072855574202861,0.0641479255519054,0.7803494881098632,0.6792512013783708,0.7493489583333334,0.7620907738095238
vit,s10,0.5556612286728868,0.474034367205258,0.6383064777202014,0.6147650205223991,0.5908790742167351,0.5277940662868135,0.0630850079299216,0.6202629137757407,0.5176231651925842,0.1026397485831565,0.8187631087383441,0.695235729772211,0.8392857142857143,0.8250558035714286
vit,s200,0.5019264931603423,0.4532276151567203,0.7438174080793568,0.678318199764156,0.578204074139966,0.5267963360325106,0.0514077381074553,0.5656841825483108,0.5044364273170813,0.0612477552312294,0.7788400810477728,0.6914910979493029,0.7785528273809523,0.7754836309523809
vit,s20,0.5439539117381214,0.464587442259238,0.685890704550074,0.6612545857029265,0.5931006139964715,0.5293117897748782,0.0637888242215932,0.6165676817452972,0.505515076346774,0.1110526053985232,0.8007942765842682,0.6648652139806019,0.8155691964285714,0.7944568452380952
vit,s50,0.5380337439810076,0.4654156316905299,0.697819528546481,0.6606452724384432,0.5928925119931263,0.5306451591387102,0.062247352854416,0.6050382467734526,0.5093235672031543,0.0957146795702983,0.8053906562288428,0.6957676226894225,0.8100818452380952,0.7906436011904762
vit,s5,0.5525013616375469,0.4553426659441564,0.6833759369291987,0.6745253377434047,0.5988014285375195,0.5337536213568553,0.0650478071806641,0.6235071318392674,0.5164649268392657,0.1070422050000017,0.8231619484585567,0.6914356417825844,0.8274739583333334,0.8054315476190477
vit,sds101,0.4766651115679653,0.4300688008706597,0.7014682706951135,0.7124767197846376,0.5500502468742765,0.521490937693296,0.0285593091809804,0.5316109707355122,0.4982613658954284,0.0333496048400838,0.7307497451617075,0.70267306598932,0.7599516369047619,0.7660900297619048
vit,sds11,0.510182093208117,0.4458153474604052,0.6588975224022098,0.6612258528062587,0.5663636880393748,0.5240534109417742,0.0423102770976006,0.5712316275732454,0.5106404345398893,0.0605911930333561,0.7574501838500872,0.6917027462406204,0.8026413690476191,0.8073846726190477
vit,sds201,0.4646960655568256,0.4030674523939873,0.665673219300148,0.6735263443276064,0.5374010388622804,0.4857059615232172,0.0516950773390632,0.5351343587993631,0.4840809174500336,0.0510534413493294,0.7256439839612163,0.6998322141544756,0.7699032738095238,0.7579985119047619
vit,sds21,0.5254669580195042,0.4692910906446742,0.689750502754774,0.7075537197301568,0.5848988589856544,0.5553854667724167,0.0295133922132376,0.5879341691955319,0.5408011394684294,0.0471330297271024,0.7798970340157879,0.7087937687474477,0.8068266369047619,0.8009672619047619
vit,sds51,0.4783734995183229,0.4406769038211801,0.7253060266824095,0.7444689597015941,0.5566394339104808,0.5373829169507657,0.019256516959715,0.552308617429835,0.517416728353846,0.0348918890759889,0.7342957798025932,0.6983236783111854,0.7611607142857143,0.7506510416666666
vit,sds5,0.5234807672762808,0.466210231084863,0.7292407244426119,0.7343191307750289,0.5900734721400314,0.5605394516096078,0.0295340205304235,0.6035939979690969,0.5494106224654417,0.0541833755036551,0.7801797696942682,0.743759319964953,0.8030133928571429,0.8026413690476191
resnet18,ep-ms,0.6487280580096213,0.5817907392433714,0.6964114631268593,0.510168515863264,0.6654386918520402,0.5372611083684085,0.1281775834836317,0.7116226095287512,0.5885635946196136,0.1230590149091376,0.9015173587725972,0.8116614796000424,0.8804873511904762,0.8645833333333334
resnet18,plc-ms,0.6089805027587029,0.4666245795159566,0.70301998445941,0.6926516048653929,0.6488111247935696,0.5497498648890911,0.0990612599044785,0.6787122065452038,0.5672212111092595,0.1114909954359443,0.877220447496802,0.8048238971515321,0.8516555059523809,0.8037574404761905
resnet18,prc-ms,0.6522601674244072,0.5514289835442697,0.7026546844051008,0.6831242177760305,0.6652759409286328,0.6073206992775511,0.0579552416510817,0.7223348570074736,0.6280683048826387,0.0942665521248349,0.904828065649587,0.7973645644642612,0.884765625,0.8668154761904762
resnet18,sds-ms,0.6064905972184345,0.4955082473508027,0.7008351741762139,0.6734913281726177,0.644698999020998,0.5498562131641179,0.0948427858568801,0.6813166832011266,0.5687249439698447,0.1125917392312818,0.8704016234966405,0.7470767686461246,0.8555617559523809,0.8297991071428571
resnet18,s-ms,0.6227595921749983,0.5367215915629658,0.7439843970286649,0.6667600380741862,0.6615891733014732,0.590085254612512,0.0715039186889611,0.7032263667086701,0.609742732368745,0.0934836343399251,0.88455996081857,0.8366953787341757,0.8676525297619048,0.8550967261904762
resnet50,ep-ms,0.6143928511323195,0.4696796258620978,0.7323991087050786,0.63325344952461,0.6417740551457122,0.5047611794432764,0.1370128757024358,0.696284482206016,0.520822077826543,0.175462404379473,0.87375750206206,0.7339118059761155,0.8541666666666666,0.7789248511904762
resnet50,plc-ms,0.6084205817176892,0.4833690967031807,0.7271712135102781,0.683673534350105,0.6484191292328123,0.5513197829276751,0.0970993463051371,0.6916220308238625,0.5681476801218109,0.1234743507020516,0.8734258652971556,0.7960562123334831,0.8502604166666666,0.7992001488095238
resnet50,prc-ms,0.6178585360190818,0.5063129456369281,0.7345525083677111,0.6613501447585312,0.6625513567989529,0.5693046389496245,0.0932467178493284,0.7099174150575225,0.6100926661252849,0.0998247489322375,0.8968337022230228,0.7695589046286834,0.8676525297619048,0.8530505952380952
resnet50,sds-ms,0.6154505371681792,0.5059713315756101,0.7139347022757508,0.6620806905958287,0.6403702229793016,0.5634398413059537,0.0769303816733478,0.6746660876042115,0.5696517857190787,0.1050143018851328,0.8732995275544191,0.7295320665009966,0.8575148809523809,0.8414248511904762
resnet50,s-ms,0.6278874169534621,0.5739106799395336,0.6856062507653936,0.656286387110615,0.6462376843877299,0.5985942436100172,0.0476434407777126,0.7009471186429546,0.6359989565527729,0.0649481620901816,0.8848813588855489,0.840203449275983,0.8711867559523809,0.8667224702380952
swin,ep-ms,0.6198490722147569,0.5144649487940135,0.7170193582289891,0.6800767741732233,0.6587442705370954,0.5809421875443671,0.0778020829927282,0.7179194609362484,0.6073583329160358,0.1105611280202125,0.8927631705437375,0.840597348389721,0.8709077380952381,0.8506324404761905
swin,plc-ms,0.5994004674404874,0.4845835350010011,0.678017596818065,0.6588016605949324,0.6306972529473175,0.5540974714510598,0.0765997814962576,0.6831940210932023,0.5685453148033434,0.1146487062898589,0.8760141958297113,0.8011358206141816,0.8529575892857143,0.8223586309523809
swin,prc-ms,0.6213169613024107,0.5097550342950107,0.7583333978161594,0.653052918543345,0.6666506708406129,0.5682757391308145,0.0983749317097983,0.7113123843255532,0.612352490659125,0.0989598936664282,0.9022786316450828,0.7904954446104391,0.8702566964285714,0.8542596726190477
swin,sds-ms,0.5871685781085988,0.5090091741644686,0.7437234613019111,0.7265012220153537,0.6401162943156253,0.5905405596672496,0.0495757346483757,0.6725054737142558,0.5892026293975104,0.0833028443167454,0.863267786185743,0.7836010456394297,0.8477492559523809,0.83984375
swin,s-ms,0.6346807710518594,0.5159510526146768,0.6840728066144474,0.6571821083104002,0.6512112290926707,0.5658500977670218,0.0853611313256489,0.7142167783014207,0.592164028237773,0.1220527500636476,0.893190596701597,0.8205879129865742,0.8773251488095238,0.8604910714285714
vit,ep-ms,0.5418693688972102,0.6257715128661641,0.7317279845347276,0.7380810432739634,0.6105289245199476,0.6277296345128166,-0.017200709992869,0.6443551819915386,0.602896581166605,0.0414586008249335,0.848318462736839,0.7401043054237499,0.8203125,0.8016183035714286
vit,plc-ms,0.5321426496759385,0.4119051235378596,0.7014481938696503,0.6551540471880595,0.6003568251960475,0.4900819134656485,0.110274911730399,0.6193660649029693,0.5152856993930819,0.1040803655098874,0.8232766670012129,0.713997845648824,0.8128720238095238,0.7567894345238095
vit,prc-ms,0.5700690837312917,0.475983134847172,0.7498854751300801,0.6594268623464673,0.6288632041714964,0.5455864605852412,0.0832767435862552,0.6674665721232511,0.5633152069185944,0.1041513652046567,0.8815259309047437,0.7599313690342563,0.8430059523809523,0.8233816964285714
vit,sds-ms,0.5615364305249596,0.4848061099608943,0.730603406344632,0.7102394213371984,0.6133521025391311,0.5692036426166729,0.0441484599224581,0.6328453742879565,0.56452985552281,0.0683155187651465,0.8296274922183876,0.7741383427746121,0.8276599702380952,0.8151041666666666
vit,s-ms,0.589573377362019,0.4718719757235293,0.7053828160271891,0.6475655689329622,0.6356101836350344,0.5351570790436295,0.1004531045914048,0.674759184228879,0.546080423846654,0.128678760382225,0.858092942891503,0.6967887851443262,0.8458891369047619,0.8217075892857143
