model,encoder,input,class,gt_support (id),pred_support (id),gt_num_images (id),pred_num_images (id),tp (id),fp (id),fn (id),tn (id),macro_iou (id),macro_dice (id),macro_precision (id),macro_recall (id),mean_hd (id),mean_hd95 (id),micro_iou (id),micro_dice (id),micro_precision (id),micro_recall (id),gt_support (cd),pred_support (cd),gt_num_images (cd),pred_num_images (cd),tp (cd),fp (cd),fn (cd),tn (cd),macro_iou (cd),macro_dice (cd),macro_precision (cd),macro_recall (cd),mean_hd (cd),mean_hd95 (cd),micro_iou (cd),micro_dice (cd),micro_precision (cd),micro_recall (cd)
deeplabv3p,resnet50,dem+rgb,Qaf,10183.0,0.0,10.0,0.0,0.0,0.0,10183.0,100653113.0,0.0,0.0,0.0,0.0,,,0.0,0.0,0.0,0.0,10275.0,0.0,6.0,0.0,0.0,0.0,10275.0,100653021.0,0.0,0.0,0.0,0.0,,,0.0,0.0,0.0,0.0
deeplabv3p,resnet50,dem+rgb,Qal,8361713.0,7783900.0,947.0,945.0,6189999.0,1593901.0,2171714.0,90707682.0,0.3172844619595448,0.3898245897626371,0.4735424763335946,0.4067874787361039,99.25569725082946,88.36516315671446,0.6217596423485282,0.7667716301635621,0.7952310538419044,0.7402788160751272,9921617.0,330839.0,842.0,256.0,243038.0,87801.0,9678579.0,90653878.0,0.0212062047353498,0.0330997758453422,0.1322608887200319,0.0235095033151053,158.59513639990303,148.11496521834005,0.024280932218037,0.0474106887169279,0.7346110948225572,0.0244958054720314
deeplabv3p,resnet50,dem+rgb,Qat,388848.0,201869.0,61.0,55.0,74447.0,127422.0,314401.0,100147026.0,0.0510680641624882,0.0730624413942375,0.1508614167105406,0.0680348656484663,105.03169651031494,91.86899490356446,0.1442016774168555,0.2520563992571739,0.3687886698799716,0.1914552730115623,1101870.0,0.0,77.0,0.0,0.0,0.0,1101870.0,99561426.0,0.0,0.0,0.0,0.0,,,0.0,0.0,0.0,0.0
deeplabv3p,resnet50,dem+rgb,Qc,16237424.0,15958691.0,748.0,781.0,14308856.0,1649835.0,1928568.0,82776037.0,0.5580822838168497,0.6326216441077253,0.6786581187748801,0.6426050956428614,76.14970531793423,61.02616333686653,0.7999468224840933,0.8888560622919877,0.8966184005943846,0.8812269729484185,9341265.0,2221646.0,453.0,347.0,1358994.0,862652.0,7982271.0,90459379.0,0.0848947991374491,0.1248190352036379,0.2871985758075342,0.1120294458974609,172.168721093851,156.3768289860557,0.1331835607835697,0.2350608769712056,0.6117059153438487,0.1454828655433712
deeplabv3p,resnet50,dem+rgb,Qca,7202703.0,6794139.0,431.0,424.0,4537760.0,2256379.0,2664943.0,91204214.0,0.3053885303616255,0.3818370732537346,0.4468957879237223,0.411311413821636,106.42347850187876,91.13981030633776,0.4797251995489626,0.6483976885643205,0.6678933121621444,0.6300079289677778,3590038.0,913932.0,248.0,178.0,177905.0,736027.0,3412133.0,96337231.0,0.0221036084413539,0.0344792349096789,0.1363357401421629,0.0277782778785384,182.6334311552722,170.73154208636043,0.0411239775639062,0.0789991940443653,0.1946589024128709,0.0495551857668358
deeplabv3p,resnet50,dem+rgb,Qr,62099929.0,64593954.0,1433.0,1478.0,58140681.0,6453273.0,3959248.0,32110094.0,0.7466667620564112,0.8023867340663177,0.8153976814523145,0.8358450558553547,70.39246682061277,52.79481137153699,0.8481103625181505,0.9178135458994496,0.9000947828646625,0.936243920665352,75325588.0,72024516.0,1511.0,1511.0,61476868.0,10547648.0,13848720.0,14790060.0,0.6480336071156159,0.7189957311930044,0.8203751669984809,0.7471339345485283,92.74803918228302,76.09719759725549,0.7159025426734821,0.834432638065868,0.8535547534953237,0.8161485310941085
deeplabv3p,resnet50,dem+rgb,af1,6362496.0,5330743.0,570.0,620.0,4228374.0,1102369.0,2134122.0,93198431.0,0.2205666634888016,0.2725905479932077,0.3799394321919709,0.2671512176287239,103.93409444491068,91.33466016337984,0.5664367674432157,0.7232168948227262,0.793205374935539,0.6645778637817611,1372643.0,25172363.0,432.0,1050.0,531631.0,24640732.0,841012.0,74649921.0,0.033111612588114,0.0505154685172778,0.0851778278984534,0.1324459960644016,178.56892468508553,164.12715250604293,0.0204368329753444,0.0400550672318552,0.0211196302865964,0.3873046378410118
deeplabv3p,resnet50,ep-ms+prc-ms+s-ms,Qaf,10183.0,0.0,10.0,0.0,0.0,0.0,10183.0,100653113.0,0.0,0.0,0.0,0.0,,,0.0,0.0,0.0,0.0,10275.0,0.0,6.0,0.0,0.0,0.0,10275.0,100653021.0,0.0,0.0,0.0,0.0,,,0.0,0.0,0.0,0.0
deeplabv3p,resnet50,ep-ms+prc-ms+s-ms,Qal,8361713.0,8216121.0,947.0,999.0,6803465.0,1412656.0,1558248.0,90888927.0,0.4077303121658372,0.4828089598641147,0.5610461670127458,0.4882345149514482,86.49045698032147,73.2668695125638,0.696051581437124,0.8207905809649197,0.8280629021894882,0.8136448835304441,9921617.0,11755509.0,842.0,1216.0,8108570.0,3646939.0,1813047.0,87094740.0,0.3303341335127842,0.3943977581332705,0.4350601565429793,0.4163291638678921,113.79200271254132,96.38951473722032,0.5976000688651025,0.7481222372375379,0.68976766552601,0.8172629521982153
deeplabv3p,resnet50,ep-ms+prc-ms+s-ms,Qat,388848.0,342984.0,61.0,82.0,148864.0,194120.0,239984.0,100080328.0,0.0793259731578555,0.1056065578182989,0.1708206272599372,0.1036161208017305,125.4818378795277,112.20283514080626,0.2553553539816937,0.4068256102493468,0.4340260770181699,0.3828333950541085,1101870.0,603165.0,77.0,164.0,132097.0,471068.0,969773.0,99090358.0,0.0322961317644655,0.0474117016739339,0.1335434646290891,0.0354410803023104,136.1164349736394,124.53605270385742,0.0839810596476148,0.1549493118909582,0.2190064078651778,0.1198843783749444
deeplabv3p,resnet50,ep-ms+prc-ms+s-ms,Qc,16237424.0,15696054.0,748.0,792.0,14590233.0,1105821.0,1647191.0,83320051.0,0.6066629741783532,0.6743190898541863,0.7430044739575454,0.6668238247273501,62.54799424367594,46.639023875344726,0.8412631546172588,0.9137891588257314,0.929547834124424,0.8985558916241887,9341265.0,11030172.0,453.0,596.0,8450758.0,2579414.0,890507.0,88742617.0,0.4281333574707955,0.5037203775867888,0.5022391493285613,0.5734602671779284,88.7947131275037,68.92967901973549,0.708915826019642,0.8296673425640028,0.766149249531195,0.9046695495738531
deeplabv3p,resnet50,ep-ms+prc-ms+s-ms,Qca,7202703.0,8183232.0,431.0,483.0,5601056.0,2582176.0,1601647.0,90878417.0,0.3898738496469234,0.472750674265442,0.5067852715445397,0.5253431125172747,100.826402440824,84.01362104164927,0.57241954652684,0.7280748293815098,0.684455237246115,0.7776325082403093,3590038.0,5226804.0,248.0,379.0,2285914.0,2940890.0,1304124.0,94132368.0,0.2319960691572249,0.3033824281124647,0.3444097740689265,0.3471798268360637,122.32349809687187,104.51481170654296,0.3500136580896313,0.5185335066682606,0.4373445034479961,0.6367381069504
deeplabv3p,resnet50,ep-ms+prc-ms+s-ms,Qr,62099929.0,63171298.0,1433.0,1460.0,58224480.0,4946818.0,3875449.0,33616549.0,0.7735156714292524,0.8239696134776147,0.8564403973838531,0.8404114273851878,63.83648650088209,46.659541224334255,0.8684161813249492,0.9295746739991618,0.9216920000599006,0.9375933424980244,75325588.0,71253989.0,1511.0,1530.0,67528231.0,3725758.0,7797357.0,21611950.0,0.7978503204811837,0.8547138395140877,0.9140933789689746,0.8485794981173463,71.97624156370789,53.63283442787337,0.8542325262874082,0.9213866267331362,0.9477115870663746,0.8964846182149949
deeplabv3p,resnet50,ep-ms+prc-ms+s-ms,af1,6362496.0,5053607.0,570.0,469.0,4027454.0,1026153.0,2335042.0,93274647.0,0.2134956729633656,0.2605779604702115,0.383799035654806,0.2575356678079025,104.32927785771234,91.34566311189108,0.5450866592796599,0.7055742226572412,0.7969464186669046,0.6329990620033396,1372643.0,793657.0,432.0,436.0,526011.0,267646.0,846632.0,99023007.0,0.125271933436261,0.1715124649426414,0.3392268351418976,0.1514613289278256,107.14600076155229,94.84609760197726,0.3206819042254139,0.4856307990583022,0.6627686771489447,0.3832103467544001
deeplabv3p,resnet50,ep-ms+prc-ms,Qaf,10183.0,0.0,10.0,0.0,0.0,0.0,10183.0,100653113.0,0.0,0.0,0.0,0.0,,,0.0,0.0,0.0,0.0,10275.0,0.0,6.0,0.0,0.0,0.0,10275.0,100653021.0,0.0,0.0,0.0,0.0,,,0.0,0.0,0.0,0.0
deeplabv3p,resnet50,ep-ms+prc-ms,Qal,8361713.0,7358879.0,947.0,888.0,6313016.0,1045863.0,2048697.0,91255720.0,0.372680301623482,0.4440125966227979,0.5631410725792617,0.4310443730871944,86.42747656420326,72.86657388758313,0.6710566037414951,0.8031524512562885,0.8578774022510766,0.7549907536888674,9921617.0,10262531.0,842.0,1103.0,7588610.0,2673921.0,2333007.0,88067758.0,0.3273743460668143,0.3913201419291422,0.4560391267715563,0.4002670790971169,109.08374913147426,92.04171428764076,0.6024839907592673,0.751937609652882,0.7394481926534497,0.7648561721340382
deeplabv3p,resnet50,ep-ms+prc-ms,Qat,388848.0,334599.0,61.0,79.0,147370.0,187229.0,241478.0,100087219.0,0.0944460484132702,0.1282114432548128,0.1859335656322184,0.1270049278469135,125.2339645930699,114.21024126325337,0.2558164967530382,0.4074106327070262,0.4404376582117699,0.3789912767971032,1101870.0,504476.0,77.0,109.0,114759.0,389717.0,987111.0,99171709.0,0.0305532373750776,0.0457459389134967,0.0972931675750053,0.0382182118797137,131.69560523655105,122.1475544805112,0.0769375168863767,0.1428820440926176,0.2274815848524013,0.1041493098096871
deeplabv3p,resnet50,ep-ms+prc-ms,Qc,16237424.0,15578440.0,748.0,721.0,14214727.0,1363713.0,2022697.0,83062159.0,0.5746875142325735,0.6470005582533486,0.72385233303532,0.6417102942401107,65.54647796285883,49.77833973060631,0.8076027702074019,0.8935622178923068,0.912461517327794,0.8754299327282455,9341265.0,8874215.0,453.0,496.0,7277805.0,1596410.0,2063460.0,89725621.0,0.4059486315744932,0.493782791061622,0.5773925747602077,0.4915276085531606,84.29974606553424,66.65312909035787,0.6653886680670252,0.7990791348896653,0.8201069052304908,0.7791027232393043
deeplabv3p,resnet50,ep-ms+prc-ms,Qca,7202703.0,6523931.0,431.0,432.0,4677974.0,1845957.0,2524729.0,91614636.0,0.3382878873927392,0.4215615914395651,0.5021031453783105,0.4441486511203635,103.79040602408872,88.04775758550949,0.5169797516980414,0.6815908401141897,0.7170483562747675,0.6494747874513221,3590038.0,3285253.0,248.0,300.0,1740125.0,1545128.0,1849913.0,95528130.0,0.2143072748507615,0.2871850698098384,0.3772581249579309,0.2925862144845239,125.04849360266395,107.93538232404131,0.3388644106149636,0.5061967558900416,0.5296776230019423,0.4847093540514056
deeplabv3p,resnet50,ep-ms+prc-ms,Qr,62099929.0,66124423.0,1433.0,1485.0,59419336.0,6705087.0,2680593.0,31858280.0,0.7701638698557456,0.8225408472254813,0.8255358218301124,0.8621912696740998,65.70787833461279,49.23004499828095,0.8635901777858753,0.9268026716173228,0.8985989337101664,0.9568342018555288,75325588.0,76967507.0,1511.0,1531.0,70873634.0,6093873.0,4451954.0,19243835.0,0.818207704335109,0.8729705343119627,0.8807041990607758,0.901649025514319,66.13015557473787,48.69678571432908,0.8704753523239364,0.9307530850298892,0.9208253815470469,0.9408971888808888
deeplabv3p,resnet50,ep-ms+prc-ms,af1,6362496.0,4743024.0,570.0,511.0,3913943.0,829081.0,2448553.0,93471719.0,0.2249177187831533,0.2755698736982333,0.4070624550201481,0.2647095783417224,105.90524335722849,94.73535968849696,0.5442398795146044,0.704864427780059,0.825199914653605,0.6151584221035267,1372643.0,769314.0,432.0,415.0,495302.0,274012.0,877341.0,99016641.0,0.1291620138020406,0.1768746214064736,0.3605887132470158,0.1578532069833924,105.42510979395388,94.44357134771684,0.3007928193823235,0.4624761374761491,0.6438229383580697,0.3608381786087132
deeplabv3p,resnet50,ep-ms+s-ms+sds-ms,Qaf,10183.0,0.0,10.0,0.0,0.0,0.0,10183.0,100653113.0,0.0,0.0,0.0,0.0,,,0.0,0.0,0.0,0.0,10275.0,0.0,6.0,0.0,0.0,0.0,10275.0,100653021.0,0.0,0.0,0.0,0.0,,,0.0,0.0,0.0,0.0
deeplabv3p,resnet50,ep-ms+s-ms+sds-ms,Qal,8361713.0,8075266.0,947.0,1016.0,6625825.0,1449441.0,1735888.0,90852142.0,0.3890343281034341,0.4613004971225967,0.5253332810983136,0.4743258220488938,90.77506246667346,77.13689785692887,0.6753359492675377,0.806209583890081,0.8205085751973991,0.7924004327821345,9921617.0,10439675.0,842.0,1149.0,7516962.0,2922713.0,2404655.0,87818966.0,0.3212095669973074,0.384688449835346,0.4371790031932255,0.3979415846035384,114.75900806717526,98.8083559489408,0.5852358200077388,0.7383580570427456,0.7200379322153228,0.7576347686067705
deeplabv3p,resnet50,ep-ms+s-ms+sds-ms,Qat,388848.0,220512.0,61.0,84.0,87025.0,133487.0,301823.0,100140961.0,0.0542451528677095,0.0766389208690573,0.1293558589803675,0.0693498254287987,106.09083457946775,94.6038404083252,0.1666076368614012,0.2856275436523566,0.3946497242780438,0.2238021026210755,1101870.0,130018.0,77.0,66.0,33414.0,96604.0,1068456.0,99464822.0,0.0163560313643932,0.0259844616352159,0.0976156797860899,0.0170143167309898,169.11166622764185,159.47166633605957,0.0278804546448233,0.0542484381697037,0.2569951852820378,0.0303248114568869
deeplabv3p,resnet50,ep-ms+s-ms+sds-ms,Qc,16237424.0,15742142.0,748.0,794.0,14614210.0,1127932.0,1623214.0,83297940.0,0.6131133788730949,0.6827951827756036,0.7440040894710508,0.6724511960796504,63.4435913792413,47.87922758286128,0.841572726755501,0.9139717530875808,0.9283495219392636,0.9000325421076644,9341265.0,11295134.0,453.0,617.0,8507642.0,2787492.0,833623.0,88534539.0,0.4221833442615842,0.4975629720590395,0.487049796943783,0.5701225300119502,85.25082926380878,65.70562777052164,0.7014438495222552,0.8245277676594642,0.7532130207574341,0.9107590888386102
deeplabv3p,resnet50,ep-ms+s-ms+sds-ms,Qca,7202703.0,7555582.0,431.0,467.0,5268866.0,2286716.0,1933837.0,91173877.0,0.3653050812221805,0.4430836002285289,0.4908567073937029,0.4904327699942475,102.83789031492556,85.3818954157699,0.5552358895734291,0.7140214462588302,0.6973474710485572,0.7315123225266958,3590038.0,3610616.0,248.0,340.0,1740068.0,1870548.0,1849970.0,95202710.0,0.1829105435038439,0.247833976572387,0.342570731958878,0.2756796696164952,136.017751529,120.066322703795,0.3186595724341673,0.483308321716333,0.4819310610710194,0.4846934767821399
deeplabv3p,resnet50,ep-ms+s-ms+sds-ms,Qr,62099929.0,63418391.0,1433.0,1472.0,58337710.0,5080681.0,3762219.0,33482686.0,0.773919229041108,0.8256949518043994,0.8514895332839416,0.8421562121694717,65.7700220252161,48.610192370364224,0.8683712458103611,0.9295489295905172,0.9198863149965442,0.9394166940190866,75325588.0,74158538.0,1511.0,1533.0,69149846.0,5008692.0,6175742.0,20329016.0,0.8041804734749932,0.8612411674109001,0.8971614396348232,0.8702722266521681,69.26615352066564,50.81100074576573,0.8607763211421077,0.9251797879863176,0.9324596717373258,0.9180126944379112
deeplabv3p,resnet50,ep-ms+s-ms+sds-ms,af1,6362496.0,5651403.0,570.0,720.0,4447631.0,1203772.0,1914865.0,93097028.0,0.2143628328410912,0.2652029584331268,0.369494368649311,0.2557806563811045,104.25458073831304,89.16994184887974,0.5878236139666213,0.7404142485299735,0.7869959017256423,0.6990387105940813,1372643.0,1029315.0,432.0,679.0,595090.0,434225.0,777553.0,98856428.0,0.1281494442657228,0.1767406293244983,0.3001595964322224,0.157168765791186,106.65695886531572,95.14183529039448,0.3293489065056219,0.4955040845843266,0.578141773898175,0.4335358866070785
deeplabv3p,resnet50,ep-ms+s-ms,Qaf,10183.0,0.0,10.0,0.0,0.0,0.0,10183.0,100653113.0,0.0,0.0,0.0,0.0,,,0.0,0.0,0.0,0.0,10275.0,0.0,6.0,0.0,0.0,0.0,10275.0,100653021.0,0.0,0.0,0.0,0.0,,,0.0,0.0,0.0,0.0
deeplabv3p,resnet50,ep-ms+s-ms,Qal,8361713.0,7695729.0,947.0,1074.0,6560383.0,1135346.0,1801330.0,91166237.0,0.3932720922550089,0.4668591250555883,0.563919580022866,0.4548857450432205,90.4371461364266,77.32214873335424,0.6907804826736361,0.817114332407366,0.8524706366349438,0.7845740460118639,9921617.0,11606516.0,842.0,1256.0,8026302.0,3580214.0,1895315.0,87161465.0,0.3269295594584777,0.3914711792123675,0.4280475739312604,0.4110147769275689,114.49866894468477,96.42678910086428,0.5944602624636615,0.7456570432744911,0.6915341347911811,0.8089711586327107
deeplabv3p,resnet50,ep-ms+s-ms,Qat,388848.0,275007.0,61.0,77.0,118351.0,156656.0,270497.0,100117792.0,0.0727362884402585,0.0974577118521901,0.1596261836174461,0.0941626676546918,116.7801010131836,108.45532417297365,0.2169571625505954,0.3565567782121095,0.4303563182028094,0.3043631444677612,1101870.0,470597.0,77.0,108.0,107287.0,363310.0,994583.0,99198116.0,0.0316498606300324,0.0481677837792391,0.106975722570879,0.0406950085858912,149.48363749186197,139.8061347730232,0.0732244502381959,0.1364569176968419,0.2279806288607874,0.0973681105756577
deeplabv3p,resnet50,ep-ms+s-ms,Qc,16237424.0,15388836.0,748.0,784.0,14430099.0,958737.0,1807325.0,83467135.0,0.6069994370929942,0.6747211970139227,0.7530976979847414,0.6602542157046475,60.92006376801733,46.17550690357502,0.8391465397422134,0.9125390735420502,0.9376991866051468,0.8886938593215279,9341265.0,11535123.0,453.0,620.0,8550677.0,2984446.0,790588.0,88337585.0,0.4088980574005227,0.48308094429312,0.4651928580777555,0.5711300569619769,87.75888866363455,68.45881345779453,0.6937268770945546,0.8191720713372448,0.7412731533075113,0.9153660665873412
deeplabv3p,resnet50,ep-ms+s-ms,Qca,7202703.0,7824692.0,431.0,489.0,5345743.0,2478949.0,1856960.0,90981644.0,0.3690727244850778,0.448579096837353,0.4891062928889705,0.5071939085542841,98.74859136405745,83.50398855272093,0.5521519467958568,0.711466358607064,0.6831889357434133,0.7421856766827676,3590038.0,4170248.0,248.0,399.0,1752747.0,2417501.0,1837291.0,94655757.0,0.1670035781197449,0.2235245115763973,0.3110837675048969,0.2381361251710803,132.56522555078178,117.167997914789,0.2917579061908711,0.4517222689988487,0.4202980254411728,0.4882251942737096
deeplabv3p,resnet50,ep-ms+s-ms,Qr,62099929.0,64046852.0,1433.0,1466.0,58579471.0,5467381.0,3520458.0,33095986.0,0.7747773205259432,0.8258683879790678,0.8418904054890628,0.849198360073919,65.88261725992366,49.061766356293326,0.8669794757257615,0.928750944504878,0.91463466463582,0.9433097902575702,75325588.0,71788330.0,1511.0,1530.0,67524678.0,4263652.0,7800910.0,21074056.0,0.7958700870564739,0.8573328171142071,0.9044228980157432,0.8537507052662404,71.10509064465958,53.16216092867567,0.8484146600721404,0.9179917021855132,0.940608006900286,0.8964374496485842
deeplabv3p,resnet50,ep-ms+s-ms,af1,6362496.0,5432180.0,570.0,650.0,4315685.0,1116495.0,2046811.0,93184305.0,0.2349411953571969,0.2892341862224268,0.4184531419664544,0.2791300253856417,98.91040256023408,86.7093836992979,0.5770410741235015,0.7318022131341293,0.7944664941147016,0.6783006229001951,1372643.0,1092482.0,432.0,673.0,628596.0,463886.0,744047.0,98826767.0,0.1327923561179777,0.1817214382786769,0.306365257964159,0.1700768479864345,107.90748008271338,94.37662850903791,0.3422739308772146,0.5099911769180062,0.5753833930444621,0.4579457295159775
deeplabv3p,resnet50,prc-ms+s-ms,Qaf,10183.0,0.0,10.0,0.0,0.0,0.0,10183.0,100653113.0,0.0,0.0,0.0,0.0,,,0.0,0.0,0.0,0.0,10275.0,0.0,6.0,0.0,0.0,0.0,10275.0,100653021.0,0.0,0.0,0.0,0.0,,,0.0,0.0,0.0,0.0
deeplabv3p,resnet50,prc-ms+s-ms,Qal,8361713.0,7943211.0,947.0,962.0,6613201.0,1330010.0,1748512.0,90971573.0,0.3888488745251639,0.4631440745107933,0.5431019463486986,0.4618627879279302,88.40021936249823,75.47285639182093,0.6823555522583549,0.8111906562704616,0.832560157346947,0.7908906942871634,9921617.0,10384519.0,842.0,1142.0,7456482.0,2928037.0,2465135.0,87813642.0,0.3230346448268368,0.3880108559258174,0.4562163618381572,0.3926000674502884,110.41073470728917,93.96090983218096,0.5802865976002155,0.7344067822652227,0.7180382644588545,0.7515389880500326
deeplabv3p,resnet50,prc-ms+s-ms,Qat,388848.0,155591.0,61.0,57.0,92925.0,62666.0,295923.0,100211782.0,0.0762883033805891,0.1021425655800039,0.1871747649882151,0.0851101364393759,109.91868063119742,99.90966327373798,0.2058075718582369,0.3413605564627074,0.5972389148472598,0.2389751265275891,1101870.0,34701.0,77.0,42.0,3008.0,31693.0,1098862.0,99529733.0,0.0028567654080688,0.005031826639814,0.0357142857142857,0.0028567654080688,168.19349452427454,158.22480664934432,0.0026535799068953,0.0052931141125367,0.0866833808823953,0.002729904616697
deeplabv3p,resnet50,prc-ms+s-ms,Qc,16237424.0,15670354.0,748.0,778.0,14550497.0,1119857.0,1686927.0,83306015.0,0.609248723084388,0.6787880511521986,0.74735269354073,0.6711534416835002,63.21618894991786,47.3135328654397,0.8382935668322705,0.9120344888948394,0.9285365857082744,0.8961087054202687,9341265.0,10365081.0,453.0,608.0,8227938.0,2137143.0,1113327.0,89184888.0,0.4183908778116882,0.4917478468220835,0.5066101902203138,0.5387317569611856,86.3343169908919,67.24323946979189,0.7168187435051969,0.8350546570125177,0.7938131887247191,0.8808162491910893
deeplabv3p,resnet50,prc-ms+s-ms,Qca,7202703.0,7473261.0,431.0,452.0,5318974.0,2154287.0,1883729.0,91306306.0,0.3925918571942707,0.4789674913554909,0.5243078743934441,0.5299208883907556,96.53075187428792,81.30650008265178,0.5684492555832591,0.7248551440982003,0.7117340074165749,0.738469155260185,3590038.0,3963788.0,248.0,314.0,1982791.0,1980997.0,1607247.0,95092261.0,0.2376490375547141,0.3166393332890119,0.3871231177283076,0.3487139745934359,121.5090564574514,103.84974374089924,0.3559107059998725,0.524976614499725,0.5002262986819679,0.552303624641299
deeplabv3p,resnet50,prc-ms+s-ms,Qr,62099929.0,63520181.0,1433.0,1480.0,58422106.0,5098075.0,3677823.0,33465292.0,0.7741265305675945,0.8255832576135487,0.8501921753923429,0.8428937514403673,64.38782720118552,47.75958305462795,0.8694024007022589,0.9301393861221744,0.9197408615696482,0.9407757293893202,75325588.0,74566254.0,1511.0,1530.0,69681305.0,4884949.0,5644283.0,20452759.0,0.8164030536979794,0.87104904284755,0.8967992454688503,0.8845818308104457,67.6189804042389,49.47333091090577,0.8687300647295255,0.9297544692258836,0.9344884751753788,0.9250681853290014
deeplabv3p,resnet50,prc-ms+s-ms,af1,6362496.0,5900698.0,570.0,604.0,4461011.0,1439687.0,1901485.0,92861113.0,0.2186855250049153,0.2695362218923657,0.3670638389752552,0.2683898940831592,102.62203245097886,89.0092637231273,0.5717644664320229,0.7275447163275733,0.7560141190076157,0.701141658870984,1372643.0,1348953.0,432.0,528.0,636459.0,712494.0,736184.0,98578159.0,0.1372308552617206,0.1890723071656306,0.2977426480251399,0.1917009726675366,112.0007915823323,100.2025883987451,0.3052360588297076,0.4677101230307511,0.4718170314310432,0.4636740944295057
segformer,mitb0,dem+rgb,Qaf,10183.0,0.0,10.0,0.0,0.0,0.0,10183.0,100653113.0,0.0,0.0,0.0,0.0,,,0.0,0.0,0.0,0.0,10275.0,0.0,6.0,0.0,0.0,0.0,10275.0,100653021.0,0.0,0.0,0.0,0.0,,,0.0,0.0,0.0,0.0
segformer,mitb0,dem+rgb,Qal,8361713.0,7905719.0,947.0,940.0,6304024.0,1601695.0,2057689.0,90699888.0,0.3127650385124688,0.3846503988521635,0.4628347742127274,0.3997638068141788,97.67883679051148,86.17206019037648,0.632717640389714,0.7750484526383759,0.7974004641450069,0.753915375952272,9921617.0,184740.0,842.0,133.0,167170.0,17570.0,9754447.0,90724109.0,0.0097022938763619,0.0154813147072253,0.0931507060601967,0.0098057801877648,169.02975344417072,155.942982798875,0.0168192831063546,0.0330821481964272,0.9048933636462054,0.016849068050097
segformer,mitb0,dem+rgb,Qat,388848.0,265351.0,61.0,75.0,100487.0,164864.0,288361.0,100109584.0,0.0579484324902296,0.082843253655093,0.1451271494939213,0.0769828425454241,128.86460851853894,119.08852472612936,0.1814788193140116,0.3072062170685067,0.3786946346537228,0.2584223141175986,1101870.0,0.0,77.0,0.0,0.0,0.0,1101870.0,99561426.0,0.0,0.0,0.0,0.0,,,0.0,0.0,0.0,0.0
segformer,mitb0,dem+rgb,Qc,16237424.0,16141239.0,748.0,728.0,14376873.0,1764366.0,1860551.0,82661506.0,0.5622527734181268,0.6363858067839373,0.6859935312985492,0.6405767407911369,71.78168785267306,56.65670440214917,0.7986357467785148,0.8880461185194707,0.8906920342360336,0.8854158763114149,9341265.0,6231787.0,453.0,598.0,3285332.0,2946455.0,6055933.0,88375576.0,0.1679483527603348,0.2416802455176908,0.3881257774607677,0.2571319000465489,140.36127224249688,121.68331952762838,0.2673670949533355,0.4219252590950059,0.5271893920636248,0.3517009741186017
segformer,mitb0,dem+rgb,Qca,7202703.0,6907805.0,431.0,454.0,4519089.0,2388716.0,2683614.0,91071877.0,0.3066630555610384,0.386775740098908,0.4469374372816929,0.4275107816254024,107.48931976536798,93.80464730049644,0.4711595854586271,0.6405281794248655,0.6542004298036785,0.6274157076864061,3590038.0,1569452.0,248.0,226.0,415294.0,1154158.0,3174744.0,95919100.0,0.0432999310707134,0.0643671472340734,0.1644697855034273,0.0554035694470911,172.3319154859663,159.06028740685267,0.0875372771276734,0.1609825777353963,0.2646108323159931,0.1156795554810283
segformer,mitb0,dem+rgb,Qr,62099929.0,64498219.0,1433.0,1458.0,57892215.0,6606004.0,4207714.0,31957363.0,0.7392358501265304,0.7962649913610644,0.8248187290713919,0.8177506802177663,71.92875603664974,56.43939463390924,0.8426086725290521,0.9145823365441332,0.8975785052297336,0.9322428532889304,75325588.0,80919644.0,1511.0,1533.0,67929846.0,12989798.0,7395742.0,12347910.0,0.7112049714099461,0.7829203830488041,0.8043599816955975,0.8361879723880369,82.56254467644806,68.05157746465515,0.7691734031485749,0.8695285626379946,0.8394728726191628,0.9018163389577524
segformer,mitb0,dem+rgb,af1,6362496.0,4944963.0,570.0,517.0,3851200.0,1093763.0,2511296.0,93207037.0,0.2142939816543843,0.2662536465988092,0.3780411194656755,0.2633344911875898,107.35539173136286,94.56383310333092,0.516505663228705,0.681178680373725,0.7788127029464124,0.6052970406582574,1372643.0,11757673.0,432.0,720.0,142079.0,11615594.0,1230564.0,87675059.0,0.0099919885754066,0.0165847561121722,0.0432509038754062,0.0621484042312962,203.94796483715376,191.00863629579544,0.0109390520052875,0.0216413679609843,0.012083938718146,0.1035076126858913
segformer,mitb0,ep-ms+prc-ms+s-ms,Qaf,10183.0,0.0,10.0,0.0,0.0,0.0,10183.0,100653113.0,0.0,0.0,0.0,0.0,,,0.0,0.0,0.0,0.0,10275.0,0.0,6.0,0.0,0.0,0.0,10275.0,100653021.0,0.0,0.0,0.0,0.0,,,0.0,0.0,0.0,0.0
segformer,mitb0,ep-ms+prc-ms+s-ms,Qal,8361713.0,8176671.0,947.0,1041.0,6713322.0,1463349.0,1648391.0,90838234.0,0.3906893673747964,0.4671143550534731,0.5441623483717024,0.474795982716456,89.88523672062617,77.41163860490688,0.6832854591655503,0.811847396940354,0.8210336455997802,0.8028644369879713,9921617.0,10604244.0,842.0,1226.0,7648800.0,2955444.0,2272817.0,87786235.0,0.3220245467182565,0.3858470495100943,0.4471899283849198,0.3949986465280785,111.26669394307666,96.07074695238562,0.5939864694280783,0.7452842051302988,0.7212961150271533,0.7709227235842706
segformer,mitb0,ep-ms+prc-ms+s-ms,Qat,388848.0,146169.0,61.0,61.0,74692.0,71477.0,314156.0,100202971.0,0.0671987530734875,0.0961835379509822,0.1941967864075432,0.0777993411453359,136.77418406804404,128.83254569371542,0.1622592733394884,0.2792135577000357,0.5109975439388653,0.1920853392585277,1101870.0,108337.0,77.0,63.0,35343.0,72994.0,1066527.0,99488432.0,0.0133467962397367,0.020894873028976,0.0712948338143893,0.0146489515052545,157.86873563130698,148.90152549743652,0.030082630840676,0.0584081896733368,0.3262320352234232,0.0320754716981132
segformer,mitb0,ep-ms+prc-ms+s-ms,Qc,16237424.0,15844893.0,748.0,806.0,14599293.0,1245600.0,1638131.0,83180272.0,0.6064039521762129,0.6762724855396354,0.7340714937440718,0.6703362134946566,64.10220669220466,47.98891890788784,0.8350553657079004,0.9101146279428634,0.9213879197543334,0.8991138619032182,9341265.0,10815530.0,453.0,602.0,8419725.0,2395805.0,921540.0,88926226.0,0.4318234432225253,0.5053233622173325,0.4990775808165871,0.5624512264636369,84.4058798404968,66.65201668949526,0.7173617436038126,0.8354229925938127,0.7784847344512936,0.9013474085147996
segformer,mitb0,ep-ms+prc-ms+s-ms,Qca,7202703.0,8626024.0,431.0,488.0,5725911.0,2900113.0,1476792.0,90560480.0,0.3877778777699327,0.4714369775725644,0.5011240628501662,0.5499743700290001,101.72554954963644,86.25589162698064,0.5667638606899305,0.7234834487953453,0.6637949303178382,0.7949669728156221,3590038.0,4791221.0,248.0,348.0,2303494.0,2487727.0,1286544.0,94585531.0,0.2472158192436064,0.322930318208759,0.3586633263469183,0.3761860510547269,118.23642954888282,102.46403653693922,0.3790034659122226,0.549677321748439,0.4807738987619231,0.641634991050234
segformer,mitb0,ep-ms+prc-ms+s-ms,Qr,62099929.0,63768731.0,1433.0,1468.0,58243067.0,5525664.0,3856862.0,33037703.0,0.7741602395202247,0.826087612731391,0.8514292119670579,0.846310915992465,63.76254059519761,47.74166159177939,0.8612577637581678,0.925457806573932,0.9133483775927737,0.9378926504086664,75325588.0,73359339.0,1511.0,1529.0,68926551.0,4432788.0,6399037.0,20904920.0,0.8100473790255669,0.8669023896404451,0.9036945137876152,0.8705014713782107,68.9221937148103,50.99032713002488,0.8641920066175871,0.9271491386615134,0.9395743192288032,0.9150482967354998
segformer,mitb0,ep-ms+prc-ms+s-ms,af1,6362496.0,4100808.0,570.0,546.0,3439391.0,661417.0,2923105.0,93639383.0,0.2044532916520627,0.2559629228951892,0.4122205110127493,0.239065384642836,110.13908695690525,97.0215293435276,0.4896687928794107,0.6574196831134793,0.8387105663079081,0.5405725991812018,1372643.0,984625.0,432.0,531.0,557878.0,426747.0,814765.0,98863906.0,0.1222616204035946,0.1686901053566011,0.2751025075132663,0.163963362235003,110.6784399091615,99.99603417486632,0.3100372904150851,0.4733259010006499,0.5665893106512632,0.4064261428499617
segformer,mitb0,ep-ms+prc-ms,Qaf,10183.0,0.0,10.0,0.0,0.0,0.0,10183.0,100653113.0,0.0,0.0,0.0,0.0,,,0.0,0.0,0.0,0.0,10275.0,0.0,6.0,0.0,0.0,0.0,10275.0,100653021.0,0.0,0.0,0.0,0.0,,,0.0,0.0,0.0,0.0
segformer,mitb0,ep-ms+prc-ms,Qal,8361713.0,8384698.0,947.0,998.0,6709871.0,1674827.0,1651842.0,90626756.0,0.3836405816919674,0.4593118993573609,0.5323465561964998,0.4753461771242049,89.34432283750972,76.79862760757067,0.6685442393494172,0.801350331124681,0.8002519589852849,0.8024517225118825,9921617.0,12218362.0,842.0,1217.0,8272287.0,3946075.0,1649330.0,86795604.0,0.3297084909840853,0.3953032251640853,0.4301631122599741,0.4266038655598582,112.7442115057255,97.22956244483194,0.5965150509544054,0.7472714405013663,0.6770373148217412,0.8337639923008517
segformer,mitb0,ep-ms+prc-ms,Qat,388848.0,150830.0,61.0,60.0,65538.0,85292.0,323310.0,100189156.0,0.0600618769789172,0.0862659475353268,0.1749308683823064,0.0688681202873434,119.8844854036967,109.25140603383382,0.1382249968363774,0.2428781606809986,0.4345156799045283,0.1685440069127268,1101870.0,68229.0,77.0,48.0,8812.0,59417.0,1093058.0,99502009.0,0.0041531497366068,0.0063598844977956,0.0306573386280601,0.0051841886749318,143.60528055826822,135.10678799947104,0.0075881328216022,0.0150619733885765,0.1291532925881956,0.007997313657691
segformer,mitb0,ep-ms+prc-ms,Qc,16237424.0,16785644.0,748.0,796.0,14626788.0,2158856.0,1610636.0,82267016.0,0.5544933562047828,0.6282864374466645,0.6632553876420474,0.6506609462609598,72.17702766739089,55.82118363421539,0.7950948778774839,0.8858527620752863,0.8713867635939377,0.9008071723692131,9341265.0,10062817.0,453.0,555.0,7665288.0,2397529.0,1675977.0,88924502.0,0.3830620769839132,0.4645122189013401,0.4977876589589475,0.5042684764505523,90.8172761454032,72.64995149351083,0.6529876919213337,0.7900696358632168,0.7617437542588721,0.8205835076940864
segformer,mitb0,ep-ms+prc-ms,Qca,7202703.0,6713242.0,431.0,459.0,4643325.0,2069917.0,2559378.0,91390676.0,0.3191919466065161,0.4006427607029402,0.4843131943249485,0.4224597295563586,106.58497607903402,92.32929944861782,0.5007565283598379,0.6673387973292507,0.6916665599124834,0.6446642323027897,3590038.0,4176084.0,248.0,360.0,1875688.0,2300396.0,1714350.0,94772862.0,0.18354227999934,0.2488412932092275,0.304585184611216,0.2714859706236874,127.6392834895366,111.17874785156936,0.3184295079106225,0.4830436606584342,0.4491499692056003,0.5224702356910985
segformer,mitb0,ep-ms+prc-ms,Qr,62099929.0,62548721.0,1433.0,1473.0,57587235.0,4961486.0,4512694.0,33601881.0,0.7588327226599089,0.8138067923079363,0.8459237161574863,0.8225494887367168,66.46147100051864,50.22085343160839,0.8587238280015416,0.9239929192975616,0.920678058309138,0.9273317365628552,75325588.0,72456155.0,1511.0,1530.0,68040615.0,4415540.0,7284973.0,20922168.0,0.7991766423339894,0.8600654327465111,0.8988194187564821,0.861958186249003,71.32085250416864,52.55453072365778,0.8532687799450241,0.9208257206710576,0.9390591454928846,0.9032868751054424
segformer,mitb0,ep-ms+prc-ms,af1,6362496.0,6080161.0,570.0,615.0,4421957.0,1658204.0,1940539.0,92642596.0,0.2136180301355028,0.2655478371621438,0.3618183914448148,0.2738176298843341,108.14359492776497,96.54130208777468,0.5513180894435648,0.7107737519406024,0.7272763007426941,0.6950035017703744,1372643.0,1681649.0,432.0,620.0,645482.0,1036167.0,727161.0,98254486.0,0.1197350078806609,0.1692895397356665,0.2506032265774853,0.1864721279679244,116.9238638948616,104.85424192864392,0.2679671705115804,0.4226720955298315,0.3838387202085572,0.4702475443359999
segformer,mitb0,ep-ms+s-ms+sds-ms,Qaf,10183.0,0.0,10.0,0.0,0.0,0.0,10183.0,100653113.0,0.0,0.0,0.0,0.0,,,0.0,0.0,0.0,0.0,10275.0,0.0,6.0,0.0,0.0,0.0,10275.0,100653021.0,0.0,0.0,0.0,0.0,,,0.0,0.0,0.0,0.0
segformer,mitb0,ep-ms+s-ms+sds-ms,Qal,8361713.0,8028367.0,947.0,1048.0,6596099.0,1432268.0,1765614.0,90869315.0,0.3924508358638616,0.4704277927183992,0.5523450017993686,0.4799868119365604,92.88371765112676,79.18393962480584,0.6734849700035154,0.8048891768679591,0.8215990873361918,0.7888454195928514,9921617.0,9789909.0,842.0,1248.0,7068415.0,2721494.0,2853202.0,88020185.0,0.2958208162670003,0.3585755057142621,0.4386520538273041,0.357680909879279,117.04902219287008,102.0690262496623,0.5590724466470317,0.7171859753526947,0.722010286306032,0.7124257064145895
segformer,mitb0,ep-ms+s-ms+sds-ms,Qat,388848.0,209131.0,61.0,70.0,79730.0,129401.0,309118.0,100145047.0,0.0516664665643189,0.0736873591211441,0.1592035238681288,0.0636630098651592,141.29275466655864,129.8233885271796,0.1538449664157576,0.2666648828805025,0.3812442918553442,0.20504155865531,1101870.0,362405.0,77.0,92.0,131348.0,231057.0,970522.0,99330369.0,0.0507811592673861,0.0732765828742456,0.1684133404991904,0.0650500875623735,144.37550359302097,131.10851934221057,0.098541030379008,0.1794034590497003,0.3624342931250948,0.1192046248650022
segformer,mitb0,ep-ms+s-ms+sds-ms,Qc,16237424.0,16990222.0,748.0,824.0,15180830.0,1809392.0,1056594.0,82616480.0,0.6164400416481783,0.6858412169589462,0.7007676409535727,0.7178884765487534,59.86358855454238,45.087309435530976,0.8411915985623171,0.9137469443366528,0.8935039224325615,0.9349284714127069,9341265.0,12765493.0,453.0,636.0,8837560.0,3927933.0,503705.0,87394098.0,0.4067209558197984,0.4820092536769577,0.4399148638617863,0.6027225933744467,90.48652563753171,71.25594463823069,0.6660206592742078,0.7995346943228854,0.6923007203873756,0.9460774316968849
segformer,mitb0,ep-ms+s-ms+sds-ms,Qca,7202703.0,7569312.0,431.0,490.0,5286815.0,2282497.0,1915888.0,91178096.0,0.3715608558271514,0.4511675448961686,0.5147261171844442,0.4800394662679991,97.57228406103032,81.68962295306356,0.5573751739552144,0.7157879273748368,0.6984538356986738,0.7340043036621113,3590038.0,4685193.0,248.0,404.0,1755115.0,2930078.0,1834923.0,94143180.0,0.1663033746498863,0.2254592645390457,0.296266584310914,0.2520443546133287,138.9571548944998,123.00805104767912,0.2691846280035508,0.4241851375508429,0.3746089008499756,0.4888847973196941
segformer,mitb0,ep-ms+s-ms+sds-ms,Qr,62099929.0,61949931.0,1433.0,1483.0,57340912.0,4609019.0,4759017.0,33954348.0,0.7645832600492407,0.817982368428354,0.8559864384686536,0.825135152124858,66.88776971269661,50.506212685645465,0.8595685244504231,0.9244816882501924,0.9256009017992288,0.9233651780825708,75325588.0,71534656.0,1511.0,1533.0,67021944.0,4512712.0,8303644.0,20824996.0,0.7858260104987669,0.8490011701670178,0.9047013717189866,0.8449714612847574,73.24194156642311,55.55420309309136,0.8394710809223143,0.9127309362226036,0.9369157237577266,0.8897633032748447
segformer,mitb0,ep-ms+s-ms+sds-ms,af1,6362496.0,5916333.0,570.0,593.0,4302544.0,1613789.0,2059952.0,92687011.0,0.2223742241907818,0.2780259760680399,0.3939708208259452,0.2859887891612502,108.63599633720686,96.54409270888227,0.5394170343712643,0.7008068929048528,0.7272315469734377,0.6762352384975959,1372643.0,1525640.0,432.0,608.0,667516.0,858124.0,705127.0,98432529.0,0.1344193623452249,0.1864884987042701,0.2965295234766155,0.1875524266633796,115.9916763418192,102.65840064178174,0.2992316095764372,0.4606285859593421,0.4375317899373377,0.4862997880730824
segformer,mitb0,ep-ms+s-ms,Qaf,10183.0,0.0,10.0,0.0,0.0,0.0,10183.0,100653113.0,0.0,0.0,0.0,0.0,,,0.0,0.0,0.0,0.0,10275.0,0.0,6.0,0.0,0.0,0.0,10275.0,100653021.0,0.0,0.0,0.0,0.0,,,0.0,0.0,0.0,0.0
segformer,mitb0,ep-ms+s-ms,Qal,8361713.0,8750552.0,947.0,1059.0,6885024.0,1865528.0,1476689.0,90436055.0,0.3958784634893442,0.4733561488880353,0.537375614507325,0.4935722869083496,92.2385189851504,77.75720307682069,0.6732044350964254,0.8046888006935377,0.7868102492277058,0.823398746166007,9921617.0,12707871.0,842.0,1258.0,8194159.0,4513712.0,1727458.0,86227967.0,0.3139958230366234,0.3778962904224812,0.4017696259900544,0.4136742957645515,117.54695353568354,102.00504579091374,0.5676461547914842,0.7242018909133074,0.6448097403569804,0.8258894694282192
segformer,mitb0,ep-ms+s-ms,Qat,388848.0,234026.0,61.0,83.0,83265.0,150761.0,305583.0,100123687.0,0.051346971716329,0.0746462473117217,0.1777370415359467,0.0657659381363742,145.18031553788617,137.35205609870678,0.1543061735441773,0.2673574430783754,0.3557938006888123,0.2141325145043821,1101870.0,463042.0,77.0,152.0,81759.0,381283.0,1020111.0,99180143.0,0.0207652517619769,0.0321473687648391,0.1000256467132996,0.0258195432573138,154.6712615069221,146.2506471521714,0.0551251286954211,0.1044902205363624,0.1765692960897715,0.074200223256827
segformer,mitb0,ep-ms+s-ms,Qc,16237424.0,16058447.0,748.0,770.0,14770694.0,1287753.0,1466730.0,83138119.0,0.6168689771576865,0.6845275337263526,0.735377351713807,0.6881252574221767,61.41376512753877,46.52296585350585,0.8428270938433318,0.9147109858099198,0.9198083725032687,0.909669785059502,9341265.0,10274097.0,453.0,561.0,8162005.0,2112092.0,1179260.0,89209939.0,0.4401419574078937,0.5183062866548128,0.5326773549198826,0.5626858804950773,82.91339273967654,64.98222205728432,0.7126299302466517,0.8322053908564114,0.7944255344289625,0.8737579974446715
segformer,mitb0,ep-ms+s-ms,Qca,7202703.0,6677991.0,431.0,456.0,4845626.0,1832365.0,2357077.0,91628228.0,0.3525335116692496,0.4326731202340362,0.5237783369124652,0.4480330006694063,99.91495927088268,85.45898701384542,0.5363131744000156,0.6981820937771556,0.7256113402968049,0.6727510491547409,3590038.0,3599041.0,248.0,334.0,1703451.0,1895590.0,1886587.0,95177668.0,0.192984691163663,0.2599048690097741,0.3483612335943604,0.2750904068060237,131.0872573723081,113.58515677301052,0.3105298062500775,0.4738996469506038,0.4733069170370663,0.4744938632961545
segformer,mitb0,ep-ms+s-ms,Qr,62099929.0,63777144.0,1433.0,1470.0,58188977.0,5588167.0,3910952.0,32975200.0,0.7694222902674768,0.8221287479760386,0.8414549177325887,0.8451733219095506,65.22509294921502,49.61019279743914,0.8596633741921179,0.9245365436801982,0.9123797860876304,0.9370216349200656,75325588.0,72739502.0,1511.0,1531.0,68212725.0,4526777.0,7112863.0,20810931.0,0.8013988803092787,0.8606588828617926,0.903270622268336,0.8637761921283434,73.94202406521741,55.89251972919588,0.8542355007268726,0.9213883569719236,0.937767280837309,0.9055717560412538
segformer,mitb0,ep-ms+s-ms,af1,6362496.0,5165136.0,570.0,492.0,3994149.0,1170987.0,2368347.0,93129813.0,0.2162107575769745,0.2668440690985024,0.4048840306377957,0.2593535329313081,104.67446551284168,92.42813584862684,0.530186236565477,0.6929695535041368,0.7732901902292602,0.6277644811093005,1372643.0,879743.0,432.0,435.0,497459.0,382284.0,875184.0,98908369.0,0.1071782049313871,0.1477189974187744,0.2882002387543911,0.1347045546342066,111.910082277262,99.9448620490308,0.2834642124715159,0.441717361056231,0.5654594580462703,0.3624095995827028
segformer,mitb0,prc-ms+s-ms,Qaf,10183.0,0.0,10.0,0.0,0.0,0.0,10183.0,100653113.0,0.0,0.0,0.0,0.0,,,0.0,0.0,0.0,0.0,10275.0,0.0,6.0,0.0,0.0,0.0,10275.0,100653021.0,0.0,0.0,0.0,0.0,,,0.0,0.0,0.0,0.0
segformer,mitb0,prc-ms+s-ms,Qal,8361713.0,8322600.0,947.0,1058.0,6692875.0,1629725.0,1668838.0,90671858.0,0.3892400515177329,0.4665026869007861,0.5508649550622127,0.4681979646485436,87.96974530624034,75.9454197648886,0.6698610350181826,0.8022955455223119,0.804180784850888,0.8004191246458711,9921617.0,11012353.0,842.0,1247.0,7501416.0,3510937.0,2420201.0,87230742.0,0.3137396426801371,0.3790344717133213,0.4371529388982143,0.3900892629840232,116.85231849416417,101.11986876193004,0.5584504629573795,0.7166739992462012,0.681181941770301,0.7560678869180296
segformer,mitb0,prc-ms+s-ms,Qat,388848.0,157082.0,61.0,67.0,64544.0,92538.0,324304.0,100181910.0,0.0495421508168482,0.0716490842979492,0.1775650639160006,0.0552264725813395,113.85952876164365,106.94986680837778,0.1340795120755485,0.2364552231971131,0.4108936733680498,0.1659877381393243,1101870.0,116777.0,77.0,59.0,20299.0,96478.0,1081571.0,99464948.0,0.0079211132266582,0.0132460126446353,0.0905469610140873,0.008388022518056,172.9344936170076,164.83244062724867,0.016939152900493,0.033313994946855,0.1738270378584824,0.0184223184223184
segformer,mitb0,prc-ms+s-ms,Qc,16237424.0,16048849.0,748.0,814.0,14703434.0,1345415.0,1533990.0,83080457.0,0.6093032980170606,0.6800827297229218,0.7289343497165014,0.6776185632268805,64.50398422921454,48.89127602427156,0.836237765698702,0.910816432729786,0.9161675083365792,0.9055275023920052,9341265.0,11073870.0,453.0,633.0,8490170.0,2583700.0,851095.0,88738331.0,0.4210972705802443,0.4935305356925668,0.481329686505862,0.5604093130158935,85.70026495456696,68.3125958756967,0.7119660309275541,0.8317525208625856,0.7666849981081592,0.9088886783535206
segformer,mitb0,prc-ms+s-ms,Qca,7202703.0,8882992.0,431.0,502.0,5818404.0,3064588.0,1384299.0,90396005.0,0.3851190197200356,0.4659133194237055,0.4957171118387362,0.5470449905042323,100.2486531093036,84.61659051077015,0.566693200767369,0.7234258762210771,0.6550049803039336,0.8078084019291091,3590038.0,5134418.0,248.0,362.0,2284127.0,2850291.0,1305911.0,94222967.0,0.2320011952261618,0.3046350672236019,0.3474646198912524,0.3568917567049012,120.61907698589825,103.520371126092,0.3546599870907216,0.5236147674995438,0.4448658056278238,0.6362403406314919
segformer,mitb0,prc-ms+s-ms,Qr,62099929.0,62681498.0,1433.0,1448.0,57603699.0,5077799.0,4496230.0,33485568.0,0.7720679100322679,0.8246504752347403,0.8589877192584514,0.8374935312278695,64.3717853850016,48.40744329999555,0.857482095851768,0.9232736054541194,0.9189904650970532,0.9275968576389194,75325588.0,72018370.0,1511.0,1522.0,67715252.0,4303118.0,7610336.0,21034590.0,0.8007650807205954,0.8593289701104684,0.9058594564687824,0.8580124838077036,73.22070900905639,55.88891709270946,0.8503874469591406,0.9191452831747604,0.9402497168430776,0.8989674531315972
segformer,mitb0,prc-ms+s-ms,af1,6362496.0,4570275.0,570.0,573.0,3628361.0,941914.0,2734135.0,93358886.0,0.2014884616556661,0.2526594622237395,0.3791477591060052,0.2444161279875162,112.92368894338608,100.54551492512226,0.4967356706428034,0.6637587122240098,0.793904305539601,0.5702732072444525,1372643.0,1307508.0,432.0,605.0,598017.0,709491.0,774626.0,98581162.0,0.1128261748209585,0.1556480562750378,0.243748684521994,0.1599514449767883,120.74205228787828,109.23767637689784,0.287213503069447,0.4462561997439696,0.4573715801356473,0.4356682691712266
segformer,mitb2,dem+rgb,Qaf,10183.0,19.0,10.0,1.0,0.0,19.0,10183.0,100653094.0,0.0,0.0,0.0,0.0,,,0.0,0.0,0.0,0.0,10275.0,0.0,6.0,0.0,0.0,0.0,10275.0,100653021.0,0.0,0.0,0.0,0.0,,,0.0,0.0,0.0,0.0
segformer,mitb2,dem+rgb,Qal,8361713.0,7832328.0,947.0,1030.0,6412411.0,1419917.0,1949302.0,90881666.0,0.3428139058122268,0.4173226420748832,0.4917609922434853,0.4281142692319228,94.52320602932332,83.63009537806423,0.6555564870067667,0.7919469884014744,0.818710733258362,0.766877672075088,9921617.0,757747.0,842.0,499.0,625916.0,131831.0,9295701.0,90609848.0,0.0421105001402782,0.0633403185687909,0.2593726815158374,0.044163352780191,160.7501899442811,148.8337622296983,0.0622588389575397,0.1172197145822541,0.8260224058953715,0.0630860876810705
segformer,mitb2,dem+rgb,Qat,388848.0,222491.0,61.0,65.0,81194.0,141297.0,307654.0,100133151.0,0.0750970899454377,0.1112715616089073,0.2023965010142072,0.1125025582311556,128.40681111812592,118.97895443439484,0.1531543257033453,0.2656267635469028,0.3649316152114018,0.2088065259432991,1101870.0,0.0,77.0,0.0,0.0,0.0,1101870.0,99561426.0,0.0,0.0,0.0,0.0,,,0.0,0.0,0.0,0.0
segformer,mitb2,dem+rgb,Qc,16237424.0,16236761.0,748.0,769.0,14494971.0,1741790.0,1742453.0,82684082.0,0.5659976269169219,0.6373670743002013,0.6872121522030911,0.6459360354280771,73.2594951502761,58.09068372235661,0.8062071567755965,0.8927072996597143,0.8927255257375531,0.8926890743260754,9341265.0,7433491.0,453.0,615.0,4480793.0,2952698.0,4860472.0,88369333.0,0.2121775126860552,0.2882897675889565,0.3907112007242047,0.3048214514426073,123.1312568823108,106.3979882284598,0.3644710009294806,0.5342304829948048,0.6027844790556685,0.479677324216795
segformer,mitb2,dem+rgb,Qca,7202703.0,6299595.0,431.0,405.0,4285652.0,2013943.0,2917051.0,91446650.0,0.3093528747285421,0.3868462373106048,0.4678007731564564,0.4066703044888932,105.6267651445556,92.4058022974481,0.4649904097434142,0.6348033497705353,0.6803059561765479,0.5950060692492805,3590038.0,5188946.0,248.0,371.0,1482277.0,3706669.0,2107761.0,93366589.0,0.1096572726385941,0.1531732157373035,0.1753075918140745,0.1954073262595961,137.50749661028385,123.82002798716228,0.2031432809348107,0.3376875957400082,0.285660517569464,0.4128861588651707
segformer,mitb2,dem+rgb,Qr,62099929.0,64702231.0,1433.0,1469.0,58203230.0,6499001.0,3896699.0,32064366.0,0.7501160580773857,0.8054826138177693,0.827465628316935,0.828925159762796,68.25641220189091,52.303482788046594,0.8484568199533141,0.9180163807935132,0.8995552255377407,0.9372511520906892,75325588.0,79926215.0,1511.0,1524.0,67407434.0,12518781.0,7918154.0,12818927.0,0.7084486563207282,0.7781454742315804,0.8012754141873337,0.8330313570634765,83.4468049384753,67.68763878981272,0.7673506539730509,0.868362655987963,0.8433707764092169,0.8948809533355385
segformer,mitb2,dem+rgb,af1,6362496.0,5369871.0,570.0,593.0,4230859.0,1139012.0,2131637.0,93161788.0,0.2454784890349136,0.3027044082601897,0.4080087451886817,0.3007967422619124,99.22916821346148,86.86405537134111,0.5640011315058252,0.7212285466351334,0.7878883868904858,0.6649684337719034,1372643.0,7356897.0,432.0,801.0,224774.0,7132123.0,1147869.0,92158530.0,0.0246187218668195,0.0360232684891716,0.0749448036803081,0.0647858602425472,185.9238309445589,172.68725139783777,0.0264291810027459,0.051497329756207,0.0305528268235915,0.1637527019042824
segformer,mitb2,ep-ms+prc-ms+s-ms,Qaf,10183.0,0.0,10.0,0.0,0.0,0.0,10183.0,100653113.0,0.0,0.0,0.0,0.0,,,0.0,0.0,0.0,0.0,10275.0,0.0,6.0,0.0,0.0,0.0,10275.0,100653021.0,0.0,0.0,0.0,0.0,,,0.0,0.0,0.0,0.0
segformer,mitb2,ep-ms+prc-ms+s-ms,Qal,8361713.0,7618797.0,947.0,978.0,6452165.0,1166632.0,1909548.0,91134951.0,0.3858892470568703,0.4603590895764627,0.568945149352088,0.4550810453610505,84.99723903010698,72.80270837844535,0.6771548469330193,0.8075042661341847,0.8468745131285162,0.7716319610586969,9921617.0,10055910.0,842.0,1161.0,7557171.0,2498739.0,2364446.0,88242940.0,0.3278843795227674,0.3931726118345342,0.4639583063951265,0.386539119170867,107.06621870048365,91.597808641491,0.6084504341099402,0.7565672167531047,0.7515153775242619,0.7616874346187723
segformer,mitb2,ep-ms+prc-ms+s-ms,Qat,388848.0,484897.0,61.0,130.0,128726.0,356171.0,260122.0,99918277.0,0.0641493939131108,0.0872104743448408,0.1411925321612263,0.0982213286877749,122.20184019992226,109.78739768580388,0.1727821706560504,0.2946534744118707,0.2654708113269416,0.3310445212525202,1101870.0,298227.0,77.0,134.0,39764.0,258463.0,1062106.0,99302963.0,0.0108470408721808,0.0173528328725149,0.0851097752919068,0.0118972315425462,153.23487267127405,143.68030408712534,0.0292310779787008,0.056801778733902,0.1333346745935143,0.0360877417481191
segformer,mitb2,ep-ms+prc-ms+s-ms,Qc,16237424.0,16112174.0,748.0,767.0,14811470.0,1300704.0,1425954.0,83125168.0,0.6164756282390553,0.683314214457733,0.7310254773458795,0.6822863051500938,61.40948166798784,46.29613112763154,0.8445297012315112,0.9157127702174228,0.9192719740985916,0.9121810208318758,9341265.0,10560078.0,453.0,568.0,8352144.0,2207934.0,989121.0,89114097.0,0.4495048118056335,0.5279080454849475,0.5313811530469398,0.5787500691034416,83.56827439374702,66.41269669144653,0.7231795036175236,0.8393548113813224,0.7909168852730065,0.8941127352665833
segformer,mitb2,ep-ms+prc-ms+s-ms,Qca,7202703.0,7095465.0,431.0,450.0,5190316.0,1905149.0,2012387.0,91555444.0,0.3965550114788543,0.481831000990345,0.5440221029296887,0.5184469035718853,101.19541890507048,85.1562642854579,0.569872676894618,0.7260113323609011,0.7314976537830854,0.7206066944590107,3590038.0,3461990.0,248.0,296.0,1905801.0,1556189.0,1684237.0,95517069.0,0.2485265111485137,0.3260784299635365,0.4113692493399901,0.3377538766828728,119.49805405963164,103.52548814782112,0.3703297580926764,0.5404972867379426,0.5504929245896146,0.5308581691892955
segformer,mitb2,ep-ms+prc-ms+s-ms,Qr,62099929.0,63600924.0,1433.0,1448.0,58351265.0,5249659.0,3748664.0,33313708.0,0.7789611441723043,0.8302104505437419,0.8551617250705663,0.8505012108642072,65.31027756018794,48.92113572621922,0.8663937929360459,0.928414781719898,0.9174593909987848,0.9396349712412716,75325588.0,74830040.0,1511.0,1529.0,69978253.0,4851787.0,5347335.0,20485921.0,0.8216408020202751,0.875891411962722,0.9021321492544412,0.8868669435471861,68.59776257472582,50.53548185752621,0.8727930167332119,0.9320763255040964,0.9351625764198442,0.929010378252872
segformer,mitb2,ep-ms+prc-ms+s-ms,af1,6362496.0,5751039.0,570.0,681.0,4313628.0,1437411.0,2048868.0,92863389.0,0.2286698043024069,0.2852618026461723,0.3982833205498802,0.2826520468982348,107.11893988756032,94.48408665185448,0.5530358246579093,0.7121997005828604,0.7500606412163089,0.6779773221075502,1372643.0,1457051.0,432.0,608.0,686913.0,770138.0,685730.0,98520515.0,0.1494172743694168,0.2052721959999248,0.2912824483859195,0.2162886434122725,110.99742852316962,95.7677230904674,0.3205707909487717,0.4855033795173612,0.4714406015987086,0.5004309204942582
segformer,mitb2,ep-ms+prc-ms,Qaf,10183.0,0.0,10.0,0.0,0.0,0.0,10183.0,100653113.0,0.0,0.0,0.0,0.0,,,0.0,0.0,0.0,0.0,10275.0,0.0,6.0,0.0,0.0,0.0,10275.0,100653021.0,0.0,0.0,0.0,0.0,,,0.0,0.0,0.0,0.0
segformer,mitb2,ep-ms+prc-ms,Qal,8361713.0,8070188.0,947.0,1049.0,6506925.0,1563263.0,1854788.0,90738320.0,0.387900630757868,0.4664068712365839,0.5364500905317395,0.4820453053865088,94.07410737177804,81.00542895412217,0.6556111571453674,0.7919868796677877,0.8062916254243395,0.7781808583958814,9921617.0,11217142.0,842.0,1276.0,7625151.0,3591991.0,2296466.0,87149688.0,0.3085393063959725,0.3715514159355935,0.4191565181140181,0.391797062502231,116.64610752493444,100.56414070454512,0.5642572287134568,0.72143790465656,0.6797766311597018,0.7685391403437565
segformer,mitb2,ep-ms+prc-ms,Qat,388848.0,515375.0,61.0,132.0,126258.0,389117.0,262590.0,99885331.0,0.0647989658281108,0.0873164783481705,0.1432203420912785,0.0813760023505507,133.15813382466635,124.52262830734252,0.1622926481268437,0.2792629694223659,0.2449827795294688,0.3246975682014566,1101870.0,454978.0,77.0,153.0,30626.0,424352.0,1071244.0,99137074.0,0.0091040429319117,0.015500858285306,0.1008195027048364,0.0097971156482089,169.97019619411893,159.6664442839446,0.0200665433993219,0.0393435968058538,0.0673131448113974,0.0277945674172089
segformer,mitb2,ep-ms+prc-ms,Qc,16237424.0,15415586.0,748.0,787.0,14045076.0,1370510.0,2192348.0,83055362.0,0.5493197167531957,0.6228911161105859,0.6942741555012983,0.6119332394281611,71.78719572191653,56.99580106095991,0.7976561020730768,0.8874401518212643,0.9110958221114656,0.8649817852881098,9341265.0,8593271.0,453.0,514.0,7101316.0,1491955.0,2239949.0,89830076.0,0.386325321989974,0.4707201143567977,0.5446269118114777,0.4651326412678814,88.94016991418881,69.83170900983787,0.6555129499816306,0.7919152187712021,0.8263810137024655,0.7602092436088688
segformer,mitb2,ep-ms+prc-ms,Qca,7202703.0,7611276.0,431.0,477.0,5023214.0,2588062.0,2179489.0,90872531.0,0.3337926909697345,0.4166481668947765,0.4599257013127911,0.4775032598532699,105.83513443053717,89.8970075208674,0.5130563342088182,0.6781721507773165,0.6599700234231421,0.6974067929775808,3590038.0,4570587.0,248.0,339.0,2103741.0,2466846.0,1486297.0,94606412.0,0.2032708694901122,0.27166942377407,0.3049661223166396,0.3273390991417991,127.55994307052258,109.73712655888048,0.3473305745990843,0.5155833039748794,0.4602780780674342,0.5859940758287239
segformer,mitb2,ep-ms+prc-ms,Qr,62099929.0,63269798.0,1433.0,1455.0,57945211.0,5324587.0,4154718.0,33238780.0,0.767956211077408,0.8212039365308444,0.8440569856084751,0.8397386354099016,65.49483455210967,49.35128777490063,0.8594086311275857,0.9243892028256552,0.9158431484165636,0.9330962520102076,75325588.0,74643792.0,1511.0,1526.0,69175733.0,5468059.0,6149855.0,19869649.0,0.8057821395205287,0.8652988263068772,0.8878689901506989,0.8796708977507067,71.01937169030656,52.615636481953615,0.8562026293973337,0.9225314260817776,0.9267446246567966,0.9183563625152186
segformer,mitb2,ep-ms+prc-ms,af1,6362496.0,5781073.0,570.0,590.0,4335893.0,1445180.0,2026603.0,92855620.0,0.230235639469034,0.2849271457399535,0.4125359998068177,0.2866663360977551,107.42241686286656,95.20647577472894,0.5553372091772251,0.714105218984633,0.7500152653322316,0.6814767349166113,1372643.0,1183526.0,432.0,520.0,644031.0,539495.0,728612.0,98751158.0,0.1578045915224553,0.2150639125884393,0.3376677607639052,0.2082334044515028,106.57758045772772,94.50218061522054,0.336811987419318,0.5039033021682057,0.544162950370334,0.4691904595732467
segformer,mitb2,ep-ms+s-ms+sds-ms,Qaf,10183.0,0.0,10.0,0.0,0.0,0.0,10183.0,100653113.0,0.0,0.0,0.0,0.0,,,0.0,0.0,0.0,0.0,10275.0,0.0,6.0,0.0,0.0,0.0,10275.0,100653021.0,0.0,0.0,0.0,0.0,,,0.0,0.0,0.0,0.0
segformer,mitb2,ep-ms+s-ms+sds-ms,Qal,8361713.0,6640719.0,947.0,831.0,6023042.0,617677.0,2338671.0,91683906.0,0.3727518438298439,0.442563649257858,0.5902425019425412,0.4128399270047208,84.8489372380313,73.0913319054618,0.6707629360123571,0.8029420829902778,0.9069864272227148,0.7203119743526237,9921617.0,7663015.0,842.0,965.0,6311905.0,1351110.0,3609712.0,89390569.0,0.2981543808349422,0.3633138952321664,0.4983743239848417,0.3332001902172938,110.34990162097252,95.1035988886346,0.5599270699982356,0.7178887792476977,0.8236842809259802,0.6361770465439253
segformer,mitb2,ep-ms+s-ms+sds-ms,Qat,388848.0,504352.0,61.0,102.0,173095.0,331257.0,215753.0,99943191.0,0.0893376104268245,0.1151463324753567,0.1517984478026628,0.1287709768484346,125.74323209963347,116.35260388725682,0.2403746675831996,0.3875839677563815,0.3432027631495463,0.4451482327284697,1101870.0,457871.0,77.0,93.0,150680.0,307191.0,951190.0,99254235.0,0.044955319331972,0.0619397048660098,0.1389639119201518,0.0559360834188653,159.1657196571087,148.50363882656754,0.106936463361061,0.1932115652534619,0.3290883240039225,0.1367493442965141
segformer,mitb2,ep-ms+s-ms+sds-ms,Qc,16237424.0,16167294.0,748.0,754.0,14842608.0,1324686.0,1394816.0,83101186.0,0.6219703123751347,0.6880916658316997,0.7266629253637072,0.6957915619365509,57.83909910603573,42.36820140777276,0.8451494723583898,0.9160769737295662,0.9180638392547325,0.9140986895458294,9341265.0,11072793.0,453.0,564.0,8403102.0,2669691.0,938163.0,88652340.0,0.4330958788240125,0.5101817299909264,0.5072727453006635,0.5812028800646046,81.30699015906637,63.850485645764245,0.6996197471708331,0.8232662021436404,0.7588963326597002,0.8995678850776635
segformer,mitb2,ep-ms+s-ms+sds-ms,Qca,7202703.0,6781845.0,431.0,445.0,4927198.0,1854647.0,2275505.0,91605946.0,0.3780257211656994,0.4646412946206932,0.5325966861482166,0.4926846047120758,96.56354994229648,82.72251458012539,0.5439999558369721,0.7046631753847175,0.7265276631948976,0.6840762419330632,3590038.0,3588106.0,248.0,328.0,1712988.0,1875118.0,1877050.0,95198140.0,0.2036693702731988,0.2720930255314145,0.3594956806784651,0.2937411783466732,126.72862978239316,110.30060685217916,0.3134380793521722,0.4772788063321103,0.4774073006761785,0.4771503811380269
segformer,mitb2,ep-ms+s-ms+sds-ms,Qr,62099929.0,64172109.0,1433.0,1473.0,58453994.0,5718115.0,3645935.0,32845252.0,0.7714795386361792,0.8225018761827956,0.8431636516394854,0.8463870652979664,63.99675008375989,48.29865350162679,0.86192391511616,0.925842251789743,0.9108940770514492,0.941289224340337,75325588.0,76477480.0,1511.0,1533.0,70555864.0,5921616.0,4769724.0,19416092.0,0.8131281129072992,0.8679823705409271,0.8877747140152713,0.88977336327362,64.61930187395866,48.623655958680914,0.8684097485988564,0.929570988644314,0.9225704612651986,0.9366785693063556
segformer,mitb2,ep-ms+s-ms+sds-ms,af1,6362496.0,6396977.0,570.0,498.0,4507534.0,1889443.0,1854962.0,92411357.0,0.2424507268360551,0.2969898516624742,0.4109456436425258,0.3055471387973562,105.27510035710458,91.52179709458964,0.5462393747699783,0.7065392120818783,0.704635017446522,0.7084537263363309,1372643.0,1404031.0,432.0,430.0,649402.0,754629.0,723241.0,98536024.0,0.1384748316285962,0.190522337434483,0.3258887444812946,0.1868315803020617,111.2339913710742,98.63431338860956,0.3052745488118115,0.4677553072488884,0.4625268245501702,0.4731033487949889
segformer,mitb2,ep-ms+s-ms,Qaf,10183.0,0.0,10.0,0.0,0.0,0.0,10183.0,100653113.0,0.0,0.0,0.0,0.0,,,0.0,0.0,0.0,0.0,10275.0,0.0,6.0,0.0,0.0,0.0,10275.0,100653021.0,0.0,0.0,0.0,0.0,,,0.0,0.0,0.0,0.0
segformer,mitb2,ep-ms+s-ms,Qal,8361713.0,8376566.0,947.0,1110.0,6801066.0,1575500.0,1560647.0,90726083.0,0.3938482417533765,0.472135360265847,0.5383562157365538,0.4896857926519279,92.67886366998708,79.36420361325145,0.684403765925114,0.8126362333905415,0.8119157659594636,0.8133579805956028,9921617.0,10684127.0,842.0,1242.0,7495535.0,3188592.0,2426082.0,87553087.0,0.3156676083682105,0.3805268125990489,0.4308649715111455,0.3917729901955622,117.22949601789064,100.52186678210391,0.57173268557351,0.7275189869387876,0.7015580215398038,0.7554751407961021
segformer,mitb2,ep-ms+s-ms,Qat,388848.0,397366.0,61.0,113.0,123684.0,273682.0,265164.0,100000766.0,0.0571698238417296,0.0773349544558096,0.1415103273072712,0.0737875677435331,120.86194336414336,110.9825422167778,0.1866843765565332,0.3146318941153426,0.3112596447607495,0.3180780150598691,1101870.0,274247.0,77.0,113.0,81033.0,193214.0,1020837.0,99368212.0,0.0206138864225666,0.0323416783401257,0.1410180020346483,0.0218832642787467,169.11717915534973,158.25380659103394,0.0625696865994792,0.1177705093389588,0.2954745174970009,0.0735413433526641
segformer,mitb2,ep-ms+s-ms,Qc,16237424.0,16947070.0,748.0,769.0,15113884.0,1833186.0,1123540.0,82592686.0,0.617501673301657,0.6865871631289139,0.7164045377823446,0.707436826501612,62.82758726922511,47.56548432829744,0.8363792921212952,0.9109003741325692,0.891828734996669,0.930805526787993,9341265.0,12021485.0,453.0,581.0,8751975.0,3269510.0,589290.0,88052521.0,0.4372110983684724,0.5155960696723917,0.4880301856038551,0.6087021561569617,85.80905830061738,69.00530609633024,0.6940077037295488,0.8193678248352857,0.7280277769343804,0.93691539636227
segformer,mitb2,ep-ms+s-ms,Qca,7202703.0,6782212.0,431.0,435.0,4798967.0,1983245.0,2403736.0,91477348.0,0.3496268306741741,0.4298314875673473,0.5237593967186153,0.4420253606808152,103.7137212267003,88.58222564962026,0.5224247949150158,0.6863062092261555,0.7075813908500649,0.6662730644315058,3590038.0,3850421.0,248.0,327.0,1783654.0,2066767.0,1806384.0,95006491.0,0.1936366235543195,0.2617548338281124,0.3661916458108096,0.2851815687205049,136.59186433765987,119.24685415503096,0.3153112048232173,0.4794473029150486,0.4632360980786257,0.4968342953472915
segformer,mitb2,ep-ms+s-ms,Qr,62099929.0,62919219.0,1433.0,1463.0,57844925.0,5074294.0,4255004.0,33489073.0,0.7696242851189038,0.8210933928178691,0.8581299837373638,0.8310228062632763,66.41732455357497,49.82485660963485,0.8611178874372689,0.9253770470424258,0.9193522411649768,0.9314813387306772,75325588.0,72488450.0,1511.0,1532.0,68116809.0,4371641.0,7208779.0,20966067.0,0.7993834806308946,0.8580372674709316,0.9029220491813268,0.8590745956976263,72.67334255745868,54.39871778977628,0.8546948225765791,0.921655479028318,0.9396918957433908,0.9042984038836842
segformer,mitb2,ep-ms+s-ms,af1,6362496.0,5240863.0,570.0,627.0,4156574.0,1084289.0,2205922.0,93216511.0,0.2303664391420431,0.2840031673688932,0.393424702077288,0.2803442086384318,106.3134133327839,94.62684324896613,0.558170270794712,0.7164432299302297,0.793108692213477,0.6532929843885167,1372643.0,1344566.0,432.0,621.0,695171.0,649395.0,677472.0,98641258.0,0.1424771150007707,0.1955038444166859,0.2842486264103019,0.200258099436325,115.13068846453668,100.76009840419914,0.3437971986678786,0.5116801836001573,0.5170225931638908,0.5064470514183221
segformer,mitb2,prc-ms+s-ms,Qaf,10183.0,0.0,10.0,0.0,0.0,0.0,10183.0,100653113.0,0.0,0.0,0.0,0.0,,,0.0,0.0,0.0,0.0,10275.0,0.0,6.0,0.0,0.0,0.0,10275.0,100653021.0,0.0,0.0,0.0,0.0,,,0.0,0.0,0.0,0.0
segformer,mitb2,prc-ms+s-ms,Qal,8361713.0,7624434.0,947.0,949.0,6401648.0,1222786.0,1960065.0,91078797.0,0.3946990920492522,0.4700260277049497,0.5673439100621339,0.4704884828986088,86.1596673426002,74.18316196718,0.6679168102578966,0.800899428736643,0.8396227182240675,0.7655904956316966,9921617.0,9980332.0,842.0,1157.0,7141365.0,2838967.0,2780252.0,87902712.0,0.3189317259196261,0.3842827075774341,0.4520040149894743,0.3909814872380807,112.35727739521346,96.99081301408287,0.5596424897167716,0.7176548387296139,0.7155438316080066,0.7197783385510648
segformer,mitb2,prc-ms+s-ms,Qat,388848.0,146709.0,61.0,50.0,52746.0,93963.0,336102.0,100180485.0,0.0505011528275435,0.0712220862764736,0.1494403399270156,0.0613958774236212,135.4158744017283,128.25076166788736,0.1092477180511628,0.1969762322217803,0.3595280453141934,0.1356468337242315,1101870.0,174809.0,77.0,58.0,25872.0,148937.0,1075998.0,99412489.0,0.0161412038317951,0.0244773921278939,0.1018403819879563,0.0166441732577337,178.97843313217163,170.3987512588501,0.0206842462506206,0.0405301567582767,0.1480015331018425,0.0234800838574423
segformer,mitb2,prc-ms+s-ms,Qc,16237424.0,15691516.0,748.0,771.0,14534773.0,1156743.0,1702651.0,83269129.0,0.6129035568146312,0.6820461697259326,0.7441075445437734,0.6706988124487676,64.04706825824142,48.26856459875327,0.8356119036916226,0.910445069582642,0.9262822661621732,0.8951403252141472,9341265.0,10702902.0,453.0,582.0,8420352.0,2282550.0,920913.0,89039481.0,0.4500404944490884,0.5253389107863888,0.5153559805512186,0.5832201979415538,84.5063252559928,65.91542473948279,0.7244051974330287,0.8401797889630435,0.7867354106390958,0.9014145300449136
segformer,mitb2,prc-ms+s-ms,Qca,7202703.0,8027101.0,431.0,478.0,5486499.0,2540602.0,1716204.0,90919991.0,0.3843076095107178,0.4668434504397433,0.4979437325723441,0.5297093452972506,99.68894746409384,84.61494823784491,0.5631045112515722,0.7204950240988,0.6834969436662127,0.7617277846941627,3590038.0,4007549.0,248.0,327.0,1971505.0,2036044.0,1618533.0,95037214.0,0.2383133646013863,0.312999212653584,0.3991066121396475,0.3433192646868909,123.27704475826688,107.56153427124023,0.3504223720877157,0.5189818820106963,0.4919478214739233,0.5491599253266957
segformer,mitb2,prc-ms+s-ms,Qr,62099929.0,64526316.0,1433.0,1470.0,58699493.0,5826823.0,3400436.0,32736544.0,0.7775099827640857,0.8294460520526774,0.8466869938044407,0.8563208087760761,64.03930387358588,48.66994202930034,0.8641586896426315,0.927129964250302,0.9096985019259428,0.9452425138843557,75325588.0,74697185.0,1511.0,1535.0,69437265.0,5259920.0,5888323.0,20077788.0,0.8131345894820091,0.8695222491461815,0.8949677787802557,0.8838565118924938,69.3106127159485,52.11835845258852,0.8616594561890706,0.9256896617955462,0.9295834240607594,0.921828383204921
segformer,mitb2,prc-ms+s-ms,af1,6362496.0,4647220.0,570.0,472.0,3748346.0,898874.0,2614150.0,93401926.0,0.2207724104350839,0.2725259595663964,0.4147155278659038,0.2580033380276999,105.24805307650304,93.75763165819777,0.516203691589879,0.6809160199954295,0.8065781262776456,0.5891313723419237,1372643.0,1100519.0,432.0,423.0,523792.0,576727.0,848851.0,98713926.0,0.1239911910112025,0.170695358843362,0.3142008368530925,0.1593034992615777,112.49443472280038,102.46268801206952,0.268698092204148,0.4235808248711568,0.4759499835986475,0.3815937574445795
unet,resnet18,dem+rgb,Qaf,10183.0,0.0,10.0,0.0,0.0,0.0,10183.0,100653113.0,0.0,0.0,0.0,0.0,,,0.0,0.0,0.0,0.0,10275.0,0.0,6.0,0.0,0.0,0.0,10275.0,100653021.0,0.0,0.0,0.0,0.0,,,0.0,0.0,0.0,0.0
unet,resnet18,dem+rgb,Qal,8361713.0,7874830.0,947.0,953.0,6172162.0,1702668.0,2189551.0,90598915.0,0.2953464431440933,0.3625476974780347,0.453862819884519,0.3726340827606011,101.51855019315084,89.61495979626973,0.6132679198055002,0.7602803133647353,0.7837835229458922,0.7381456407317496,9921617.0,15779.0,842.0,23.0,14986.0,793.0,9906631.0,90740886.0,0.0008935071188011,0.0016383969297748,0.0231550224433989,0.0008958700437101,196.27810859680176,180.86761894226075,0.0015103185617203,0.0030160818789952,0.9497433297420622,0.0015104392761784
unet,resnet18,dem+rgb,Qat,388848.0,245498.0,61.0,92.0,56868.0,188630.0,331980.0,100085818.0,0.0322691714726037,0.0486177138278319,0.1017539436189321,0.0394019288894866,129.2039698848018,119.77509442082156,0.0984764787576323,0.1792964722722299,0.231643434977067,0.1462473768670534,1101870.0,0.0,77.0,0.0,0.0,0.0,1101870.0,99561426.0,0.0,0.0,0.0,0.0,,,0.0,0.0,0.0,0.0
unet,resnet18,dem+rgb,Qc,16237424.0,16210934.0,748.0,780.0,14512087.0,1698847.0,1725337.0,82727025.0,0.5578666774076504,0.6273868718235592,0.6742971966262903,0.6381208562187815,74.4513353062645,58.661075020390086,0.8090916445229892,0.8944728112282292,0.8952036323138445,0.893743182416127,9341265.0,2242846.0,453.0,363.0,1072879.0,1169967.0,8268386.0,90152064.0,0.0677427604388926,0.0998207896232286,0.2652111598020554,0.1041538830869463,188.73299066225687,171.11325208707288,0.1020697668931672,0.1852328590428734,0.4783560708136002,0.1148537162793262
unet,resnet18,dem+rgb,Qca,7202703.0,6462987.0,431.0,489.0,4249730.0,2213257.0,2952973.0,91247336.0,0.2731901083968041,0.3462504654000729,0.4310035370294429,0.3643294138721408,113.40722076872927,97.97669277084904,0.4513326309797408,0.6219561544276213,0.6575489011505051,0.5900187748960356,3590038.0,162782.0,248.0,57.0,71846.0,90936.0,3518192.0,96982322.0,0.0126935533480183,0.0187588814473308,0.056568367551389,0.0134357248312238,175.72672121452564,164.00740779529917,0.0195182036058934,0.0382890732835574,0.4413632956960843,0.0200126015379224
unet,resnet18,dem+rgb,Qr,62099929.0,63837075.0,1433.0,1533.0,57693012.0,6144063.0,4406917.0,32419304.0,0.7288398022664244,0.7837739108671956,0.8095609511503962,0.8058452270238552,87.40486196313633,54.98433591740496,0.8453932765246207,0.9162201762398604,0.9037540018868344,0.9290350718436408,75325588.0,74473927.0,1511.0,1536.0,62792408.0,11681519.0,12533180.0,13656189.0,0.6514872353811315,0.7256130746920751,0.7999126945423285,0.7596852762401743,92.73417749600566,73.70903336741449,0.7216928612509781,0.8383526208345868,0.843146192626582,0.8336132470681809
unet,resnet18,dem+rgb,af1,6362496.0,6031972.0,570.0,651.0,4596407.0,1435565.0,1766089.0,92865235.0,0.2395904364179666,0.2955526729291819,0.3987700261572462,0.293678517051474,102.40336280832442,89.61330289926809,0.5894294748399634,0.7416868557811437,0.7620073501667448,0.7224219865914258,1372643.0,23767962.0,432.0,1246.0,517442.0,23250520.0,855201.0,76040133.0,0.0375810424709014,0.0561466515363905,0.0844356492621773,0.1107981284399293,176.16524950582155,163.0887495571253,0.0210144407523923,0.0411638462956639,0.0217705666139991,0.3769676456296357
unet,resnet18,ep-ms+prc-ms+s-ms,Qaf,10183.0,0.0,10.0,0.0,0.0,0.0,10183.0,100653113.0,0.0,0.0,0.0,0.0,,,0.0,0.0,0.0,0.0,10275.0,0.0,6.0,0.0,0.0,0.0,10275.0,100653021.0,0.0,0.0,0.0,0.0,,,0.0,0.0,0.0,0.0
unet,resnet18,ep-ms+prc-ms+s-ms,Qal,8361713.0,8483970.0,947.0,1130.0,6839216.0,1644754.0,1522497.0,90656829.0,0.3951948055069322,0.4701760858510967,0.5220841461879947,0.49125263968459,89.79007409254525,76.62841388621347,0.683479593746724,0.8119844116738989,0.8061339207941565,0.8179204428566252,9921617.0,12954694.0,842.0,1350.0,8423946.0,4530748.0,1497671.0,86210931.0,0.3187547174397858,0.3812706572221962,0.4006753479391106,0.4192339045758726,116.99035643828296,100.17643561380794,0.5828766433729012,0.7364776602311448,0.650262059451192,0.8490497063129931
unet,resnet18,ep-ms+prc-ms+s-ms,Qat,388848.0,280956.0,61.0,146.0,115412.0,165544.0,273436.0,100108904.0,0.0475783235939032,0.067719540759899,0.123956986895856,0.0571972195378686,113.25634775663676,104.5119413074694,0.2081776071804787,0.3446142453613295,0.4107831831318783,0.2968049212031436,1101870.0,406125.0,77.0,216.0,42725.0,363400.0,1059145.0,99198026.0,0.008635630513424,0.0137352960074021,0.0711827152515299,0.0090924751281005,172.41313380579794,162.15001260080646,0.0291584486135661,0.0566646441135414,0.1052016004924592,0.0387749916051802
unet,resnet18,ep-ms+prc-ms+s-ms,Qc,16237424.0,15970453.0,748.0,824.0,14763375.0,1207078.0,1474049.0,83218794.0,0.5979824971600997,0.6649533026258063,0.7307251800407182,0.6615160280201388,65.03594834235922,47.17108349121765,0.8463053287505714,0.9167555502028276,0.924418048755411,0.909219036221509,9341265.0,11023917.0,453.0,654.0,8414421.0,2609496.0,926844.0,88712535.0,0.3927921054835149,0.4627338338743996,0.4573487888356704,0.5300623581691591,92.71241002991086,69.34078823736195,0.7040908106186711,0.826353626498403,0.7632877678596456,0.900779605331826
unet,resnet18,ep-ms+prc-ms+s-ms,Qca,7202703.0,7390629.0,431.0,523.0,5262320.0,2128309.0,1940383.0,91332284.0,0.3544308956390024,0.4320076429962996,0.4966338389313087,0.4608182074214678,102.01023188716036,84.08444974355035,0.5639602649744744,0.7211951321329495,0.7120259994108756,0.7306034970482609,3590038.0,4460529.0,248.0,448.0,2018508.0,2442021.0,1571530.0,94631237.0,0.1747737634357781,0.2297333927727535,0.2877387273438138,0.2429212713448157,129.24247188731837,110.91740561964174,0.3346300160525618,0.5014573507679645,0.4525265949397482,0.562252544402037
unet,resnet18,ep-ms+prc-ms+s-ms,Qr,62099929.0,63381474.0,1433.0,1500.0,58424744.0,4956730.0,3675185.0,33606637.0,0.7706226042911077,0.820947876373182,0.8486331170276644,0.8364606039032219,67.51047210489382,45.95707398427319,0.8712743055093156,0.9312096072116758,0.9217952867426212,0.9408182093090638,75325588.0,70706486.0,1511.0,1536.0,67292966.0,3413520.0,8032622.0,21924188.0,0.7984429743286986,0.8591626581458058,0.9134471292184876,0.8482512336976527,75.53307727139017,53.034485977111,0.8546320590779363,0.9216189862509244,0.951722675059824,0.8933613103690607
unet,resnet18,ep-ms+prc-ms+s-ms,af1,6362496.0,5155814.0,570.0,678.0,4194833.0,960981.0,2167663.0,93339819.0,0.2372954751828211,0.2900881670122391,0.4237743904305811,0.2765674765517268,98.76784924789438,87.23817338594576,0.5727925410293498,0.7283764718956166,0.8136121667693986,0.6593061905264852,1372643.0,1111545.0,432.0,670.0,696469.0,415076.0,676174.0,98875577.0,0.159945984738863,0.2152494318164777,0.331569606988203,0.2023030780022172,101.70227497994738,88.80932386304767,0.3895852759857673,0.5607216523065082,0.6265774215168977,0.5073926723845894
unet,resnet18,ep-ms+prc-ms,Qaf,10183.0,0.0,10.0,0.0,0.0,0.0,10183.0,100653113.0,0.0,0.0,0.0,0.0,,,0.0,0.0,0.0,0.0,10275.0,0.0,6.0,0.0,0.0,0.0,10275.0,100653021.0,0.0,0.0,0.0,0.0,,,0.0,0.0,0.0,0.0
unet,resnet18,ep-ms+prc-ms,Qal,8361713.0,7496393.0,947.0,1059.0,6446556.0,1049837.0,1915157.0,91251746.0,0.3644288637603156,0.4368012339721875,0.5607154878146718,0.4168403319724132,93.3204936522704,81.78237256436394,0.6849622007002035,0.8130297527333971,0.8599543807268376,0.7709611654932428,9921617.0,10517636.0,842.0,1287.0,7768281.0,2749355.0,2153336.0,87992324.0,0.31876321305288,0.3824602291208498,0.4428059576718435,0.3845776051695828,111.35091988601496,94.53251698954188,0.6130769604731192,0.7601335528260255,0.7385957262639627,0.7829652162545682
unet,resnet18,ep-ms+prc-ms,Qat,388848.0,258753.0,61.0,102.0,93311.0,165442.0,295537.0,100109006.0,0.0501235619241085,0.0704667995898769,0.1217163552458469,0.0632757470638562,126.2571967153838,118.6518227259318,0.1683432860055205,0.288174354270608,0.3606180411434843,0.2399678023289305,1101870.0,383139.0,77.0,183.0,79954.0,303185.0,1021916.0,99258241.0,0.0162334174413669,0.0258202820963899,0.0945864593956893,0.0169904659183703,153.49153216131802,143.84065641205888,0.056904533986214,0.1076815022669896,0.2086814445932155,0.0725620989771933
unet,resnet18,ep-ms+prc-ms,Qc,16237424.0,16265286.0,748.0,828.0,14620718.0,1644568.0,1616706.0,82781304.0,0.5692184302913136,0.6397757458489798,0.6907476056216425,0.6485671506847748,69.317195101294,50.01750370118185,0.8176224438530114,0.8996614743816747,0.8988909263569052,0.9004333445994882,9341265.0,9742929.0,453.0,627.0,7707116.0,2035813.0,1634149.0,89286218.0,0.3796707479877258,0.4571331930901663,0.4831568650079701,0.4772527821124836,88.54671924408169,68.33714493932246,0.6774249064654386,0.8076962537689567,0.7910471276142934,0.825061273821051
unet,resnet18,ep-ms+prc-ms,Qca,7202703.0,5766213.0,431.0,457.0,4408830.0,1357383.0,2793873.0,92103210.0,0.3184226483996729,0.3997822522828166,0.5213446520877789,0.3989540610563305,105.39122937246152,90.639157407046,0.5150450591267424,0.6799072489944418,0.764597145474855,0.6121077045659109,3590038.0,2813995.0,248.0,348.0,1528142.0,1285853.0,2061896.0,95787405.0,0.1713079253492732,0.2310244529002071,0.3497870095250525,0.2320487390228506,125.06596869574652,108.06663304222954,0.3134077443486739,0.4772436369394099,0.5430507161526584,0.4256617896523658
unet,resnet18,ep-ms+prc-ms,Qr,62099929.0,65259070.0,1433.0,1535.0,59086837.0,6172233.0,3013092.0,32391134.0,0.7562666609146541,0.8085959820124793,0.8108832268664847,0.8452163357607787,80.52780912226925,49.352279236078765,0.8654601710137728,0.9278784768086942,0.9054195378512137,0.9514799445261846,75325588.0,75539075.0,1511.0,1536.0,70064397.0,5474678.0,5261191.0,19863030.0,0.8154200324860691,0.8718135268678301,0.883675657160893,0.8950723339647387,73.79508331893375,48.761559328916135,0.8671307715744401,0.9288377491023196,0.9275252179087444,0.9301540002581858
unet,resnet18,ep-ms+prc-ms,af1,6362496.0,5617581.0,570.0,795.0,4345771.0,1271810.0,2016725.0,93028990.0,0.2308666777126953,0.2875076671903894,0.3843076406132957,0.2867895770278622,102.9173611327704,90.16147456767588,0.5692424432554839,0.7254996775062464,0.7736018403650966,0.6830292702738044,1372643.0,1666522.0,432.0,854.0,811090.0,855432.0,561553.0,98435221.0,0.1470507296935262,0.1977242936312733,0.2447233963381883,0.2145126342166302,111.71449753717722,96.4208592739202,0.3640317314273532,0.5337584501006033,0.4866962452340863,0.5908965404697362
unet,resnet18,ep-ms+s-ms+sds-ms,Qaf,10183.0,0.0,10.0,0.0,0.0,0.0,10183.0,100653113.0,0.0,0.0,0.0,0.0,,,0.0,0.0,0.0,0.0,10275.0,0.0,6.0,0.0,0.0,0.0,10275.0,100653021.0,0.0,0.0,0.0,0.0,,,0.0,0.0,0.0,0.0
unet,resnet18,ep-ms+s-ms+sds-ms,Qal,8361713.0,7458781.0,947.0,1094.0,6432142.0,1026639.0,1929571.0,91274944.0,0.3969212849368567,0.4713673987645125,0.5601239067695427,0.4653283165900231,93.51709856758876,79.31227398266454,0.6851193904957974,0.8131404746274041,0.8623583397876945,0.7692373560297991,9921617.0,10194949.0,842.0,1279.0,7530274.0,2664675.0,2391343.0,88077004.0,0.3115923797887452,0.3732264136878994,0.4411788502453248,0.3738887281393691,116.77610723416608,99.9382082406142,0.5982916970303883,0.7486639618312588,0.7386279225133936,0.7589764853853963
unet,resnet18,ep-ms+s-ms+sds-ms,Qat,388848.0,172728.0,61.0,75.0,74762.0,97966.0,314086.0,100176482.0,0.0510330828360013,0.0713098215098491,0.1282875151765123,0.0601343847845901,132.4008608193233,124.25814556253368,0.1535740549778765,0.2662578172856389,0.4328308091334352,0.1922653581862321,1101870.0,178949.0,77.0,88.0,39182.0,139767.0,1062688.0,99421659.0,0.0125859064685167,0.0205941585873541,0.1134992083671557,0.0156217195335022,183.8737011613517,175.35512569032866,0.0315567271271716,0.0611827276141281,0.2189562389284097,0.0355595487670959
unet,resnet18,ep-ms+s-ms+sds-ms,Qc,16237424.0,16193350.0,748.0,840.0,14898267.0,1295083.0,1339157.0,83130789.0,0.6095597587241394,0.6757335134036624,0.7240589047904722,0.6814580609813315,63.72664193037144,46.32552806228151,0.8497510937825378,0.9187734464801858,0.9200237751916682,0.91752651159445,9341265.0,11345986.0,453.0,668.0,8526389.0,2819597.0,814876.0,88502434.0,0.3984815736832011,0.4696273754005044,0.4536333984049485,0.5450193458662748,90.67909647317212,69.3521509304175,0.7011336038514375,0.824313389923098,0.7514894694916775,0.912765990473453
unet,resnet18,ep-ms+s-ms+sds-ms,Qca,7202703.0,6679611.0,431.0,493.0,4814803.0,1864808.0,2387900.0,91595785.0,0.3366378506481838,0.4113350395892676,0.4936508711298006,0.4259812268730443,104.79693791544116,87.63598679465217,0.5309949996200721,0.693660005097133,0.7208208681613345,0.6684716834777167,3590038.0,3394878.0,248.0,371.0,1630463.0,1764415.0,1959575.0,95308843.0,0.1636580273145591,0.2199259723559225,0.3210710506228497,0.2239275742674726,130.1756243509789,115.09605554467468,0.3045059878198576,0.4668525720280673,0.4802714559993025,0.4541631592757514
unet,resnet18,ep-ms+s-ms+sds-ms,Qr,62099929.0,65502092.0,1433.0,1526.0,59151725.0,6350367.0,2948204.0,32213000.0,0.7637230016781742,0.8132776527897495,0.825085063187243,0.8450016753425754,78.04851978018297,48.66379037041571,0.8641558686612546,0.927128340702378,0.9030509285108024,0.9525248410509456,75325588.0,74547210.0,1511.0,1536.0,69666243.0,4880967.0,5659345.0,20456741.0,0.8147509661529284,0.8709092682220216,0.8945481272514826,0.8839396842510041,74.42027313120708,50.36808168548846,0.8685854042727555,0.9296716139242291,0.9345251552673802,0.9248682267173276
unet,resnet18,ep-ms+s-ms+sds-ms,af1,6362496.0,4656734.0,570.0,707.0,3809732.0,847002.0,2552764.0,93453798.0,0.212008047962016,0.2643572234138152,0.3963116886230979,0.2492377196829754,104.69721881955662,92.16358208284612,0.528432354097331,0.6914697306436112,0.8181124367421458,0.598779472710081,1372643.0,1001324.0,432.0,632.0,633098.0,368226.0,739545.0,98922427.0,0.1417962998749225,0.1923463917994646,0.3297953287144767,0.1755092238980048,100.9214799715714,89.38419443233447,0.3636678003916435,0.5333671445306527,0.63226088658616,0.4612255335145409
unet,resnet18,ep-ms+s-ms,Qaf,10183.0,0.0,10.0,0.0,0.0,0.0,10183.0,100653113.0,0.0,0.0,0.0,0.0,,,0.0,0.0,0.0,0.0,10275.0,0.0,6.0,0.0,0.0,0.0,10275.0,100653021.0,0.0,0.0,0.0,0.0,,,0.0,0.0,0.0,0.0
unet,resnet18,ep-ms+s-ms,Qal,8361713.0,8000706.0,947.0,1029.0,6589639.0,1411067.0,1772074.0,90890516.0,0.377941931241147,0.448163037423421,0.5414352333878171,0.4495570938761061,92.85935738025344,78.59713464332562,0.6742850038576536,0.8054602439895959,0.8236321894592802,0.7880728506228329,9921617.0,13218820.0,842.0,1266.0,8456239.0,4762581.0,1465378.0,85979098.0,0.3271740493003435,0.3895459843781102,0.4103908302942216,0.4291198153728655,115.03688038552995,97.34834888468474,0.5758733980568772,0.7308625156906069,0.6397120923047594,0.8523045185074167
unet,resnet18,ep-ms+s-ms,Qat,388848.0,466981.0,61.0,158.0,153784.0,313197.0,235064.0,99961251.0,0.0599115367627902,0.0817060671923016,0.1236986548666443,0.0828746511941842,127.79593641107732,119.28892256996848,0.2190514853036486,0.3593802032882737,0.3293153254629203,0.3954861539727605,1101870.0,811493.0,77.0,263.0,158980.0,652513.0,942890.0,98908913.0,0.0249011055469622,0.0376182541461599,0.078132648242875,0.032393666138124,149.6984182993571,139.23221506391252,0.0906187531456928,0.1661786080320357,0.1959105007683368,0.1442819933385971
unet,resnet18,ep-ms+s-ms,Qc,16237424.0,16638906.0,748.0,800.0,15033312.0,1605594.0,1204112.0,82820278.0,0.6082172991627539,0.6743043166984405,0.7188307262657743,0.6943153741689111,62.665553489647344,47.08458449864118,0.8425319079989719,0.9145371153045369,0.9035036317892534,0.9258434096442884,9341265.0,11764056.0,453.0,637.0,8458367.0,3305689.0,882898.0,88016342.0,0.3758459346258012,0.446314639073835,0.4377219884240549,0.5321854663555673,93.0746306771532,72.79735531938185,0.6688066549463214,0.8015388157327719,0.7190009126104125,0.9054841073452043
unet,resnet18,ep-ms+s-ms,Qca,7202703.0,6230093.0,431.0,529.0,4427797.0,1802296.0,2774906.0,91658297.0,0.2987861578770401,0.3726260024107968,0.4771285432828918,0.3697626863009272,112.736369430542,93.7759723002116,0.4917043300060333,0.6592517298706837,0.7107112205227113,0.6147410215303893,3590038.0,3123753.0,248.0,412.0,1372161.0,1751592.0,2217877.0,95321666.0,0.1367968518409811,0.190591588042898,0.3176897582936791,0.180307554448745,130.5186444505196,113.97602851800455,0.256880577651391,0.4087589262162018,0.4392668050258775,0.3822135030325584
unet,resnet18,ep-ms+s-ms,Qr,62099929.0,63139137.0,1433.0,1531.0,57874601.0,5264536.0,4225328.0,33298831.0,0.7418712366096474,0.7937354723594269,0.8332956344009986,0.8055776150068542,84.0526648890448,52.23001978385723,0.8591265587873369,0.9242260078815984,0.9166200830397792,0.931959213673175,75325588.0,70184813.0,1511.0,1536.0,66597136.0,3587677.0,8728452.0,21750031.0,0.784126907439107,0.8471955664629908,0.9100863334648844,0.8343965133952528,75.3994148489184,50.918124842296606,0.8439282799919633,0.9153591158064364,0.9488824313031936,0.8841236791938485
unet,resnet18,ep-ms+s-ms,af1,6362496.0,6187473.0,570.0,690.0,4569946.0,1617527.0,1792550.0,92683273.0,0.2435089525113451,0.2957951446165843,0.4171610795631167,0.2969393856417516,97.81723703434264,85.81974046474448,0.5726732867812536,0.7282800459507112,0.7385803542092224,0.7182630841732552,1372643.0,1560361.0,432.0,654.0,778748.0,781613.0,593895.0,98509040.0,0.1719044786674203,0.2298867194027277,0.3118406087457616,0.2367797883816011,101.43727832544046,87.82482506212641,0.3614927845158607,0.5310241649857962,0.4990819432169863,0.5673346966399858
unet,resnet18,prc-ms+s-ms,Qaf,10183.0,0.0,10.0,0.0,0.0,0.0,10183.0,100653113.0,0.0,0.0,0.0,0.0,,,0.0,0.0,0.0,0.0,10275.0,0.0,6.0,0.0,0.0,0.0,10275.0,100653021.0,0.0,0.0,0.0,0.0,,,0.0,0.0,0.0,0.0
unet,resnet18,prc-ms+s-ms,Qal,8361713.0,7513311.0,947.0,1064.0,6385269.0,1128042.0,1976444.0,91173541.0,0.3793661078647809,0.4536636742383391,0.5255900576631776,0.4671000569088777,99.1186076011038,84.63372999824198,0.6728592044789354,0.8044421224182087,0.8498608669333667,0.7636316864738123,9921617.0,9425965.0,842.0,1295.0,6709151.0,2716814.0,3212466.0,88024865.0,0.283365204458014,0.3436034511487701,0.4162409300400121,0.3462582511011753,120.22856761118408,104.6637129303756,0.5308531573262536,0.6935389652309006,0.7117733834148546,0.6762154797952793
unet,resnet18,prc-ms+s-ms,Qat,388848.0,203574.0,61.0,100.0,81314.0,122260.0,307534.0,100152188.0,0.0577254005521535,0.085862406797707,0.1973660107254982,0.0644897561483085,99.67955780029295,90.17483880784776,0.1590935770913388,0.2745137756531661,0.3994321475237505,0.2091151298193638,1101870.0,135931.0,77.0,104.0,24491.0,111440.0,1077379.0,99449986.0,0.0083739305610967,0.0141802549332151,0.0930793870738737,0.0086320158894801,160.2781550089518,148.57582489649454,0.0201852782883187,0.0395717890032404,0.1801722932958633,0.022226759962609
unet,resnet18,prc-ms+s-ms,Qc,16237424.0,16839100.0,748.0,856.0,15086506.0,1752594.0,1150918.0,82673278.0,0.5936031740197557,0.6630401687113571,0.6920241710311492,0.683743790460022,67.91624842582084,50.50376707569605,0.8386042748817706,0.9122183455552948,0.8959211596819308,0.9291194218984488,9341265.0,12517098.0,453.0,683.0,8756535.0,3760563.0,584730.0,87561468.0,0.3821452960404459,0.4539202084131322,0.4228268402691546,0.5618493276158196,94.715998845441,73.99382339098624,0.6683445241381585,0.8012068424337174,0.6995659057714496,0.937403552944917
unet,resnet18,prc-ms+s-ms,Qca,7202703.0,6445220.0,431.0,510.0,4845969.0,1599251.0,2356734.0,91861342.0,0.3481301523859355,0.4282456864750238,0.5291744143794755,0.4353002077316312,101.81603533759407,86.50828062879796,0.5505560469868395,0.7101401436687472,0.751870223204173,0.6727986701659086,3590038.0,3421277.0,248.0,401.0,1707686.0,1713591.0,1882352.0,95359667.0,0.1738647234298573,0.2362233785118628,0.3455920824890992,0.2368869621890989,127.03449924921586,108.38805055618286,0.3219844374483961,0.4871228863629718,0.4991370181367951,0.4756735165477357
unet,resnet18,prc-ms+s-ms,Qr,62099929.0,64209850.0,1433.0,1534.0,58694684.0,5515166.0,3405245.0,33048201.0,0.761206245071591,0.8131764987751702,0.832914090105909,0.832396832969121,86.820140053988,50.260037287747366,0.8680707170492032,0.9293767191216444,0.9141071658008856,0.9451650741822908,75325588.0,73913368.0,1511.0,1536.0,68424209.0,5489159.0,6901379.0,19848549.0,0.7960565433968441,0.858178462893496,0.8938329599963785,0.8666512806250163,77.91914452944742,53.815334736078015,0.8466797402706712,0.91697517637419,0.925735233713068,0.9083793544366358
unet,resnet18,prc-ms+s-ms,af1,6362496.0,5452241.0,570.0,661.0,4317593.0,1134648.0,2044903.0,93166152.0,0.2236763035693946,0.2745675414670739,0.3749759371072213,0.2738006413703572,109.90402671074158,96.7846515849744,0.5758983687654926,0.7308826256564154,0.7918932783785603,0.6786005052105337,1372643.0,1249657.0,432.0,599.0,637261.0,612396.0,735382.0,98678257.0,0.1259816928839632,0.1709428618107857,0.2657466578915466,0.1760223948437733,113.46160194509868,100.53161785981364,0.3210319797243278,0.4860321092170995,0.5099487299314932,0.4642583687091254
