model,encoder,input,macro_iou (id),macro_dice (id),macro_precision (id),macro_recall (id),micro_iou (id),micro_dice (id),micro_precision (id),micro_recall (id),mean_hd (id),mean_hd95 (id),macro_iou (cd),macro_dice (cd),macro_precision (cd),macro_recall (cd),micro_iou (cd),micro_dice (cd),micro_precision (cd),micro_recall (cd),mean_hd (cd),mean_hd95 (cd)
deeplabv3p,resnet50,dem,0.4567161446095385,0.5201229521586216,0.5786935516036611,0.5372242003360291,0.745187520980835,0.8539913296699524,0.8539913296699524,0.8539913296699524,90.13055767188752,74.1488494348526,0.2775400648659713,0.3261482296329632,0.3944279358193088,0.359174594075102,0.5909531116485596,0.7428919672966003,0.7428919672966003,0.7428919672966003,118.5983085688736,102.30300066183555
deeplabv3p,resnet50,ep-101,0.4254227087738207,0.489307918122347,0.561096218214938,0.5081414081777578,0.7135012149810791,0.8327992558479309,0.8327991962432861,0.8327991962432861,93.76488486299137,78.07602483941123,0.3891299194579117,0.4378642515474523,0.486174607014968,0.4734466754470223,0.6745043396949768,0.8056166768074036,0.8056166768074036,0.8056166768074036,97.02643187894844,80.7870824291052
deeplabv3p,resnet50,ep-11,0.4160836623573287,0.4812820210372217,0.5437522631365682,0.4963732604697949,0.7180532217025757,0.8358917236328125,0.8358917236328125,0.8358917236328125,95.85999269817708,79.33106201670734,0.3088712444738646,0.3527968913294177,0.397320267108105,0.3944061386639281,0.5978976488113403,0.7483553886413574,0.7483553886413574,0.7483553886413574,103.12718674719146,85.95969344760154
deeplabv3p,resnet50,ep-201,0.399781751938724,0.4611169275078774,0.5313318143941953,0.4857308117049612,0.6967175006866455,0.8212532997131348,0.8212533593177795,0.8212533593177795,96.46146847684176,80.86240535512381,0.3920404536262017,0.444457719084486,0.5013983538663472,0.4791780936064537,0.6808560490608215,0.8101301193237305,0.8101301193237305,0.8101301193237305,99.21493915075528,82.32206754755734
deeplabv3p,resnet50,ep-21,0.4384264960571448,0.5038585845414302,0.5677001885859166,0.5174387412073768,0.730830729007721,0.8444855809211731,0.8444855213165283,0.8444855213165283,89.09107634530193,73.65148248402032,0.349852123303644,0.3914341294576412,0.4288921590122074,0.4358301405074924,0.6310420632362366,0.7737900614738464,0.7737900614738464,0.7737900614738464,91.99343137580895,76.54289449748777
deeplabv3p,resnet50,ep-51,0.4303936344234057,0.494046471641012,0.5555857942935816,0.5163476284625923,0.7223331332206726,0.8387844562530518,0.8387844562530518,0.8387844562530518,93.21745249669752,77.13727018342338,0.3683174958327517,0.4146957743456247,0.4646278819109117,0.4532537565331466,0.6457141041755676,0.784722089767456,0.784722089767456,0.784722089767456,96.07666853016832,79.7441956011095
deeplabv3p,resnet50,ep-5,0.4302004422451919,0.4935238739618733,0.5585037500346693,0.5098102017560168,0.72404545545578,0.8399377465248108,0.8399377465248108,0.8399377465248108,92.3885949589467,75.72755075987438,0.1736569450047484,0.2112596504202582,0.298844822705289,0.2428685871292403,0.2907356917858124,0.450496107339859,0.450496107339859,0.450496107339859,140.95909478992868,121.86851089915992
deeplabv3p,resnet50,nhd,0.2360177019903619,0.269830932870931,0.2724386169505913,0.3564255783300085,0.4603779911994934,0.6304915547370911,0.6304915547370911,0.6304915547370911,117.68089214481886,103.39641688413258,0.3318165104887662,0.3691203045402998,0.3763643509353047,0.4286080179458114,0.6132376790046692,0.7602570652961731,0.7602570652961731,0.7602570652961731,91.77615515691164,78.55483158240341
deeplabv3p,resnet50,nir,0.3176587668233107,0.3641502778329259,0.4093494294384356,0.3992968521593408,0.6080178022384644,0.7562326788902283,0.7562326788902283,0.7562326788902283,113.07442102285034,96.438235908253,0.1465838085766632,0.1627661566804234,0.2528467160405768,0.2267234989083835,0.253130555152893,0.4039970934391022,0.4039970934391022,0.4039970934391022,165.76224365973383,150.55390468837297
deeplabv3p,resnet50,osm,0.2265036248926343,0.2528121246046787,0.2478176555294186,0.3371365535985371,0.4557289481163025,0.6261178851127625,0.6261178851127625,0.6261178851127625,109.87820745175914,95.22366331157244,0.3192671838915136,0.3461166394853928,0.3282564153474019,0.4190659274939947,0.5985633134841919,0.7488765716552734,0.7488765716552734,0.7488765716552734,83.3566332794371,70.0604583735693
deeplabv3p,resnet50,plc-100,0.2836237687927149,0.3321523703142195,0.3666735256724248,0.3978702027148257,0.5230026245117188,0.6868045926094055,0.6868045926094055,0.6868045926094055,112.0029097965116,95.55421287702316,0.3241387787926607,0.3666416502879819,0.4039798872840907,0.4166924273581374,0.5972498059272766,0.7478477358818054,0.7478477358818054,0.7478477358818054,102.0230117377227,86.39267222441956
deeplabv3p,resnet50,plc-10,0.3822809685473152,0.4434754154125976,0.5131501593264092,0.4668338103280948,0.6741809248924255,0.8053860068321228,0.8053860068321228,0.8053860068321228,100.12041218402145,83.89289105835938,0.3549351610468834,0.4065960967049006,0.4796641508598401,0.4281549434919413,0.6751824617385864,0.8061001896858215,0.8061001896858215,0.8061001896858215,102.94586969241156,86.40509012266544
deeplabv3p,resnet50,plc-200,0.2354575150121027,0.2736131789730373,0.2891888118929703,0.3536280865275307,0.4543420076370239,0.6248076558113098,0.6248076558113098,0.6248076558113098,118.46474268210297,103.16680361034209,0.3041259806597933,0.3405740275506536,0.3602478159432287,0.3959302238021201,0.5683005452156067,0.7247341871261597,0.7247342467308044,0.7247342467308044,98.9692772112151,84.07300297106536
deeplabv3p,resnet50,plc-20,0.3577770883471599,0.4219338324281811,0.4806142337198087,0.4527037961069712,0.6312232613563538,0.7739262580871582,0.7739262580871582,0.7739262580871582,106.36752805133696,89.53127565894911,0.3473576256803746,0.3986149625607576,0.4508195667807455,0.4299584470197364,0.6392330527305603,0.7799172401428223,0.7799172401428223,0.7799172401428223,104.71099530705273,87.58469292105733
deeplabv3p,resnet50,plc-50,0.326798490488838,0.3810924506426543,0.4350837567427664,0.422862974233628,0.5970157980918884,0.7476642727851868,0.747664213180542,0.747664213180542,106.73769335110316,89.96020009141131,0.343739470850079,0.3875494992363226,0.4406954233221122,0.4297337769664036,0.6311967968940735,0.773906409740448,0.773906409740448,0.773906409740448,98.49344863236875,83.34698838304361
deeplabv3p,resnet50,plc-5,0.3996762994301542,0.4650351054767395,0.5228507979731879,0.4863200246199513,0.6946905255317688,0.8198434710502625,0.8198435306549072,0.8198435306549072,97.05729186797818,81.40416321540009,0.3313745469941629,0.3897236741236561,0.4571973262355419,0.4120312288179854,0.6181721091270447,0.7640374898910522,0.764037549495697,0.764037549495697,110.94881725738252,93.67953838050116
deeplabv3p,resnet50,prc-100,0.3816092672150579,0.4438859013364919,0.4807285921794909,0.4793924024994396,0.6591072082519531,0.794532299041748,0.7945323586463928,0.7945323586463928,93.3506429701614,78.5259774254237,0.3680996219410534,0.4220981162245966,0.4698525686902241,0.4469236638548363,0.6724869608879089,0.8041760325431824,0.8041760325431824,0.8041760325431824,101.22389870186647,85.97406739854452
deeplabv3p,resnet50,prc-10,0.4677310824331107,0.5329901899715177,0.5860045206612968,0.5509486283202731,0.7520284056663513,0.8584659695625305,0.8584659695625305,0.8584659695625305,85.29472541195504,69.6645949093345,0.4066270528639615,0.4672280565284506,0.5157229475177516,0.4859185792241548,0.7196400165557861,0.8369658589363098,0.8369658589363098,0.8369658589363098,98.31444296309984,81.17287891053519
deeplabv3p,resnet50,prc-200,0.3313066618819621,0.3852812874383748,0.4113290326382878,0.4332147943243357,0.6080549955368042,0.7562613487243652,0.75626140832901,0.75626140832901,101.29132313292054,86.63325476241772,0.3491626292305014,0.3940489445374894,0.4109668892982262,0.4427379380192004,0.6384997367858887,0.7793712019920349,0.7793712019920349,0.7793712019920349,99.3135335814307,84.78551671524679
deeplabv3p,resnet50,prc-20,0.4344835373983636,0.4975804547772052,0.5590712840779606,0.5169824543609797,0.7184572815895081,0.8361654281616211,0.8361654281616211,0.8361654281616211,90.6481173204918,74.95985283419586,0.4020487014412654,0.4590866714044205,0.513742030061879,0.4764017295461764,0.7148953676223755,0.8337480425834656,0.8337481021881104,0.8337481021881104,96.83836740857018,79.80793198750607
deeplabv3p,resnet50,prc-50,0.4259373389434842,0.4869728412073897,0.5416229239230869,0.5088509129990684,0.7021512389183044,0.82501620054245,0.8250162601470947,0.8250162601470947,87.0178690697855,72.90778375802877,0.4056650431861577,0.4603232179892529,0.5168764664097281,0.4766012355256095,0.7205730676651001,0.837596595287323,0.837596595287323,0.837596595287323,94.5632236567288,78.41573072667258
deeplabv3p,resnet50,prc-5,0.4482229135757621,0.5112558841387265,0.5809724337043556,0.5238227580208313,0.7413560748100281,0.8514698147773743,0.8514698147773743,0.8514698147773743,88.89050620076424,73.4392464749607,0.3811093642223779,0.4418020352768444,0.5045879109813115,0.4535326457519867,0.6826164722442627,0.8113749623298645,0.8113749623298645,0.8113749623298645,100.32584148344294,83.48856684469408
deeplabv3p,resnet50,rgb,0.331618764921712,0.3815911888700765,0.4276586682133306,0.4138707442397065,0.6335033178329468,0.7756376266479492,0.7756376266479492,0.7756376266479492,106.82233857453804,90.34219339030786,0.1979089665572138,0.2250264041412125,0.2763230464466248,0.2686934689736773,0.3484362065792084,0.5168004631996155,0.5168004631996155,0.5168004631996155,127.36689385035744,112.3062071525823
deeplabv3p,resnet50,s-100,0.3850039215604553,0.4400432310495748,0.4777693711961051,0.4689661671960027,0.6710795164108276,0.8031688928604126,0.8031688332557678,0.8031688332557678,93.82806644447976,78.97543452973994,0.373514075896092,0.4210753064517173,0.4576997990014666,0.4536008606755549,0.6828189492225647,0.8115180134773254,0.8115180134773254,0.8115180134773254,98.41200628382052,83.2427075539558
deeplabv3p,resnet50,s-10,0.4806063608070589,0.5397027512104275,0.6036134604248902,0.551727584356667,0.7622659802436829,0.8650975227355957,0.8650975227355957,0.8650975227355957,83.73849499878173,69.06122766724424,0.4159555010425748,0.4686846130966213,0.5260253913667566,0.4825521846853777,0.7293826341629028,0.8435179591178894,0.8435179591178894,0.8435179591178894,94.33181259255907,77.79565280500407
deeplabv3p,resnet50,s-200,0.3126746530423201,0.3603830637395069,0.3802332053956667,0.4056563205145829,0.5932989716529846,0.7447428107261658,0.7447428107261658,0.7447428107261658,106.62353061022166,91.601472601234,0.3470094787516917,0.385365949726198,0.386548753767842,0.4344448432435978,0.6397709846496582,0.780317485332489,0.780317485332489,0.780317485332489,94.17597782962464,79.80328839787605
deeplabv3p,resnet50,s-20,0.4554194126503763,0.514650572527593,0.5660213522502474,0.5327443857213406,0.74184650182724,0.8517932891845703,0.8517932295799255,0.8517932295799255,86.1953630581162,70.80160032166017,0.404136426825471,0.4578936106597841,0.5064527320983386,0.4753157427585051,0.724723756313324,0.8403940200805664,0.8403940200805664,0.8403940200805664,96.16507078723927,80.18811933596524
deeplabv3p,resnet50,s-50,0.4344155111784407,0.4908944776881692,0.5380093722853531,0.5120325188632525,0.7129576206207275,0.8324287533760071,0.8324287533760071,0.8324287533760071,87.42273004506023,72.63825115504827,0.4073921581964523,0.4564069381903102,0.5008171023309567,0.4752051627894528,0.7197901606559753,0.8370674252510071,0.8370674252510071,0.8370674252510071,91.8359849788619,76.49551199033412
deeplabv3p,resnet50,s-5,0.4751162681641238,0.5352113553790774,0.5959157751226394,0.5470411372279761,0.7667118310928345,0.8679534792900085,0.8679534792900085,0.8679534792900085,86.87673242097352,71.15433069990186,0.4117307444859703,0.4678596698293875,0.52428269005502,0.4800345766570109,0.7385970950126648,0.8496472239494324,0.8496472239494324,0.8496472239494324,96.4603810783039,79.84196119292865
deeplabv3p,resnet50,sds-101,0.3423478437409387,0.3916508216988751,0.4358800433329404,0.4241408794118594,0.6309099197387695,0.7736907005310059,0.7736907005310059,0.7736907005310059,105.0107596497813,90.02867891125187,0.3220198594795301,0.3662628346791067,0.4130874807553796,0.4053265841871984,0.599698543548584,0.7497644424438477,0.7497644424438477,0.7497644424438477,105.06491211503682,90.41596463333782
deeplabv3p,resnet50,sds-11,0.3758106316711641,0.4313505396144702,0.4999177695616734,0.4478586235838291,0.6828671097755432,0.8115520477294922,0.8115520477294922,0.8115520477294922,105.68245975254062,89.87272823512713,0.3433936339948766,0.3927351949958006,0.4628304633307143,0.4191182833527855,0.6538676619529724,0.790713369846344,0.790713369846344,0.790713369846344,108.08913868866702,92.15431079459206
deeplabv3p,resnet50,sds-201,0.3068375900092944,0.3531925185224812,0.3853446116686473,0.3926274900832216,0.5957842469215393,0.746697723865509,0.746697723865509,0.746697723865509,110.4074878012861,95.21726999132687,0.318261230330198,0.3579316882160312,0.3822931091214125,0.405335508947546,0.6057016849517822,0.7544386386871338,0.7544386386871338,0.7544386386871338,100.75166149307104,86.27054975673812
deeplabv3p,resnet50,sds-21,0.377089600432976,0.4319015820553647,0.4967490257821745,0.4502757130820732,0.6896134614944458,0.8162972927093506,0.8162972927093506,0.8162972927093506,101.5793580212748,86.79197283205717,0.3277740626960886,0.3767306737546264,0.4450277286996377,0.4068957725980408,0.6304022073745728,0.7733087539672852,0.7733088135719299,0.7733088135719299,111.31751063598844,95.2351874274044
deeplabv3p,resnet50,sds-51,0.3909832764522361,0.4458103573321581,0.4990456109429702,0.468148376222033,0.688295841217041,0.8153734803199768,0.8153734803199768,0.8153734803199768,99.77706703547356,84.89058176495476,0.347641786518418,0.3991009033620453,0.4586973849161299,0.4319573694261582,0.6325269341468811,0.7749053835868835,0.7749053835868835,0.7749053835868835,109.96397144259512,94.52737536615956
deeplabv3p,resnet50,sds-5,0.4024243008411456,0.4610038341305485,0.5262624099682303,0.4785445325169419,0.7053044438362122,0.8271889090538025,0.8271889090538025,0.8271889090538025,99.21470193379822,83.60680221642419,0.3135796533835508,0.3656178091371542,0.4503572183457591,0.3995414222154611,0.5903827548027039,0.7424411177635193,0.7424411177635193,0.7424411177635193,115.02306947647912,98.73063269751776
segformer,mitb0,dem,0.473482950868503,0.5359883853060362,0.5965159767572416,0.5528253251406658,0.7656777501106262,0.8672904968261719,0.8672904968261719,0.8672904968261719,84.8557271202658,70.5855687976971,0.3950514725152357,0.447821537562842,0.5153345116855383,0.4710193579114909,0.719140887260437,0.8366281390190125,0.8366281986236572,0.8366281986236572,97.55926272518916,80.89045607220159
segformer,mitb0,ep-101,0.3988321942685425,0.464548946913201,0.5290571886425252,0.4833023888569318,0.6952188611030579,0.8202114105224609,0.8202113509178162,0.8202113509178162,98.41242371732751,83.20707279865981,0.3507107947051728,0.4058237195308699,0.464702633187895,0.4236237944538993,0.6759127378463745,0.8066204190254211,0.8066204190254211,0.8066204190254211,103.79734228799424,86.58648303972872
segformer,mitb0,ep-11,0.4214402014623133,0.4847035411883691,0.5455678281080052,0.4995316273598239,0.7103188037872314,0.8306273221969604,0.8306273818016052,0.8306273818016052,93.8859319280954,78.37395555608946,0.3401939562762216,0.3815392377760259,0.4134045133276983,0.4284530900999826,0.6180750131607056,0.7639634013175964,0.7639634013175964,0.7639634013175964,96.65497675294296,80.38704596440208
segformer,mitb0,ep-201,0.3954446568178557,0.4594401312096089,0.5308185275113463,0.4800143273867817,0.6910848617553711,0.8173272013664246,0.8173272609710693,0.8173272609710693,97.41450849234155,82.46737253475352,0.3594198910279143,0.4148816696669997,0.4899005211742308,0.4339178753986822,0.6722217798233032,0.8039863705635071,0.8039863705635071,0.8039863705635071,101.277336990465,84.94306598725358
segformer,mitb0,ep-21,0.4082855358019822,0.4718496157732106,0.535476491186284,0.4928353982108043,0.6930830478668213,0.8187230229377747,0.8187230229377747,0.8187230229377747,98.55539121064024,82.13997421794467,0.3629927737695926,0.4069768092061459,0.4449814976336128,0.4505846037096356,0.6461007595062256,0.7850074768066406,0.7850075364112854,0.7850075364112854,96.12077924268796,80.0989592438755
segformer,mitb0,ep-51,0.4016237467532831,0.4679883075779003,0.5347913415761576,0.4918163056016923,0.6921359896659851,0.8180618286132812,0.818061888217926,0.818061888217926,98.26652724172888,82.67309255663677,0.3540171550878024,0.4065880282711629,0.4597553704225933,0.4446275027969504,0.6562778949737549,0.7924731373786926,0.7924731373786926,0.7924731373786926,105.43379819511836,87.44619564350388
segformer,mitb0,ep-5,0.4190209557722241,0.4813060508641151,0.5537746670359694,0.4941271411703075,0.7068712115287781,0.828265368938446,0.8282654285430908,0.8282654285430908,94.40291943760438,79.37752197723505,0.3243525656850351,0.3688824681272747,0.4091786933404915,0.4179725852477728,0.5843456387519836,0.7376492023468018,0.7376492023468018,0.7376492023468018,102.12839767562282,85.76875631643749
segformer,mitb0,nhd,0.2268637910453803,0.259938547693234,0.276146929125568,0.3390345650182028,0.4503378868103027,0.6210110187530518,0.6210110187530518,0.6210110187530518,123.02577153576874,108.8485555067067,0.3166013002723821,0.351704191617623,0.3786477466767518,0.4064875904916772,0.6001588106155396,0.7501239776611328,0.7501240372657776,0.7501240372657776,98.08917455151489,84.20967230602682
segformer,mitb0,nir,0.3047050745297081,0.3493350942685312,0.3852800058719777,0.3847869266922896,0.6013036370277405,0.7510176301002502,0.7510176301002502,0.7510176301002502,111.79528245346016,96.76889125008994,0.1687914277845765,0.1859044971370373,0.2111784276812746,0.2393905682818771,0.3046543598175049,0.467026948928833,0.467026948928833,0.467026948928833,122.37671787487834,107.41628380006516
segformer,mitb0,osm,0.2294305687329361,0.2569502602098776,0.2489929554719708,0.339695623816706,0.4575033485889435,0.6277904510498047,0.6277904510498047,0.6277904510498047,110.27619414347146,95.62249976447944,0.3205680855000266,0.3478558944650161,0.3303232316215094,0.4207200623189946,0.5978252291679382,0.7482986450195312,0.7482986450195312,0.7482986450195312,84.10539451689748,71.17026638189452
segformer,mitb0,plc-100,0.2836485467660453,0.3365295752100192,0.3722741059048426,0.4050164179864019,0.5266092419624329,0.6899070739746094,0.6899070739746094,0.6899070739746094,113.80264812475392,99.6454532992175,0.3162262367041465,0.3602764866563378,0.3958163815784121,0.4063518840189011,0.5984703898429871,0.7488039135932922,0.7488038539886475,0.7488038539886475,104.41540840664646,88.93096796565813
segformer,mitb0,plc-10,0.3803869247972775,0.4434896847998114,0.5110242864464212,0.4720869330457358,0.6658585667610168,0.7994178533554077,0.7994179129600525,0.7994179129600525,98.93623843220408,84.3458600724161,0.3411494998582013,0.3897674388507531,0.4543375017607618,0.4172557466025265,0.6579605937004089,0.7936986684799194,0.7936987280845642,0.7936987280845642,105.05167178007272,88.41037066063855
segformer,mitb0,plc-200,0.2386868177400997,0.2755786705894471,0.2809636929234512,0.3611768042706494,0.4615406394004822,0.6315810084342957,0.6315810084342957,0.6315810084342957,115.20358294135572,101.52503418945604,0.3122790774555823,0.3514977373941196,0.3606363618091563,0.4081053995304637,0.5864611864089966,0.7393324971199036,0.7393324971199036,0.7393324971199036,99.55113638874047,85.36443117933985
segformer,mitb0,plc-20,0.3548543277338895,0.4163508088715288,0.479713425611784,0.4481334993167998,0.6402570605278015,0.780678927898407,0.780678927898407,0.780678927898407,103.86894760562876,88.87812531926089,0.3442642324524285,0.3926542677334889,0.449609175476937,0.4263434111770943,0.6464704871177673,0.7852804064750671,0.7852804064750671,0.7852804064750671,101.59804103024216,85.18985855702839
segformer,mitb0,plc-50,0.3225137497914745,0.3782453893143562,0.4329333742300203,0.4235963763397711,0.5935183763504028,0.7449156641960144,0.7449156641960144,0.7449156641960144,105.36175037747545,90.58715861157629,0.3393387382949178,0.3847720092311204,0.436354328194241,0.4295896355163813,0.6317577958106995,0.7743279337882996,0.7743279337882996,0.7743279337882996,100.28422682092648,84.53919862847938
segformer,mitb0,plc-5,0.3910746689049918,0.4555188158649249,0.5199750825248671,0.4779339423011184,0.6866080164909363,0.8141880035400391,0.8141880035400391,0.8141880035400391,97.55963318323252,82.89989131370312,0.3443295361423326,0.4004837967297488,0.4601347855240655,0.4214762944155061,0.6502586603164673,0.7880687713623047,0.7880687713623047,0.7880687713623047,109.46814767119558,92.89517882583436
segformer,mitb0,prc-100,0.3827937783770911,0.4428239183650581,0.4823252008745368,0.4767510584165813,0.6623961925506592,0.7969173789024353,0.7969173789024353,0.7969173789024353,93.76501516086309,80.52416500865303,0.3661877349382152,0.4201912733357779,0.468984964939814,0.4453275983680633,0.6680380702018738,0.8009865880012512,0.8009865880012512,0.8009865880012512,98.88194610528684,84.19496784213868
segformer,mitb0,prc-10,0.422990762533549,0.4874519166203404,0.5479184361070393,0.5064667599171012,0.7142754197120667,0.8333263397216797,0.8333263397216797,0.8333263397216797,94.1842050374694,79.04692344851918,0.3885157803809319,0.4464149291756361,0.5013039980577834,0.4647776304929483,0.7098968625068665,0.8303387761116028,0.8303387761116028,0.8303387761116028,99.82837910840826,83.90044113672228
segformer,mitb0,prc-200,0.3314640305794536,0.3861608627063607,0.405264820605714,0.4340120448755475,0.6063836216926575,0.7549673914909363,0.7549673914909363,0.7549673914909363,99.93380605318724,86.52207174104372,0.3484557840982937,0.3958670821345647,0.4172118338039661,0.4421852937157171,0.6299543976783752,0.7729718089103699,0.7729718089103699,0.7729718089103699,100.3462038077298,86.37330582845354
segformer,mitb0,prc-20,0.4440059167842136,0.5060344753045276,0.572004620353458,0.5208430597732446,0.7272430658340454,0.8420853614807129,0.8420853614807129,0.8420853614807129,88.49708316957968,74.00458078925466,0.4251488796364726,0.4810978159466334,0.5390551137695753,0.4927159624282557,0.7434787750244141,0.8528681993484497,0.8528681397438049,0.8528681397438049,92.63324168802156,77.3830054964869
segformer,mitb0,prc-50,0.42127774666039,0.4830730720925822,0.531440259767049,0.5103308726340797,0.7008142471313477,0.8240926265716553,0.8240926265716553,0.8240926265716553,88.74027535178284,75.36641971388696,0.4012213717546968,0.456111726948554,0.5050464685418742,0.4751172400381465,0.7067121267318726,0.8281561732292175,0.8281562328338623,0.8281562328338623,96.32658945057648,80.68059008508462
segformer,mitb0,prc-5,0.4153375425820083,0.4789178870429496,0.5424502194741638,0.4945321661990545,0.7165905833244324,0.83489990234375,0.8348998427391052,0.8348998427391052,94.86094313607153,79.10796512979348,0.3693631603886834,0.4293331923593256,0.4882206073757467,0.4466264746219709,0.6820653676986694,0.8109855651855469,0.8109855651855469,0.8109855651855469,103.04646827798604,86.19735678760155
segformer,mitb0,rgb,0.3266235751289382,0.3765270179103786,0.4229989671546179,0.411571719743268,0.6210969090461731,0.7662674784660339,0.7662674784660339,0.7662674784660339,106.10316000811784,91.20719521467788,0.2230888903434048,0.2576802896589922,0.2909564123150339,0.2979067347076381,0.4461565315723419,0.6170238852500916,0.6170238852500916,0.6170238852500916,115.3287155123925,99.75030139556262
segformer,mitb0,s-100,0.3788315045129511,0.4325372955260078,0.4694257876768265,0.4615946979586735,0.6640264391899109,0.7980960011482239,0.7980960011482239,0.7980960011482239,93.2941475344486,79.73617710229783,0.3713405464987351,0.4175481333091956,0.4468875485864911,0.4492950286919288,0.6748660802841187,0.8058746457099915,0.8058746457099915,0.8058746457099915,96.34565117750806,82.36087972223507
segformer,mitb0,s-10,0.4647468454788779,0.5238507287677929,0.5903251650149103,0.5351532537411807,0.7485986948013306,0.856226921081543,0.8562269806861877,0.8562269806861877,86.17412427675046,71.60095464777831,0.4104260577733545,0.4629123496766671,0.520507261575759,0.4763470173182651,0.7284451127052307,0.842890739440918,0.8428906798362732,0.8428906798362732,97.4903354378739,81.08295021385578
segformer,mitb0,s-200,0.2997729277091087,0.3462854679354826,0.3736075852142629,0.3904510693710531,0.5847644209861755,0.7379827499389648,0.7379827499389648,0.7379827499389648,110.28820891958064,96.76069917793814,0.3431710855411909,0.3825403432153165,0.3883069515144918,0.4286716389546481,0.6407697200775146,0.7810599207878113,0.7810599207878113,0.7810599207878113,99.99896259442536,86.53417355641045
segformer,mitb0,s-20,0.456324615935658,0.5155328232180478,0.5746048366864626,0.5305899741355918,0.7404341101646423,0.8508613705635071,0.8508613705635071,0.8508613705635071,88.73118810001202,74.5683298518421,0.4236427278214676,0.4770215489232834,0.5248164966389514,0.490982403514745,0.7434645295143127,0.8528587222099304,0.8528587818145752,0.8528587818145752,94.90482739579254,78.94347130380912
segformer,mitb0,s-50,0.4141001893760653,0.4715072247767801,0.5206295333598037,0.4936854708340102,0.7001240253448486,0.8236152529716492,0.8236152529716492,0.8236152529716492,90.67326099185364,76.61833439724032,0.3845396924026764,0.434439621884207,0.4882127112871124,0.4540316252651127,0.6953921318054199,0.820331871509552,0.820331871509552,0.820331871509552,95.3297010899123,81.21331183601242
segformer,mitb0,s-5,0.4492641323653752,0.5086102979210931,0.5710212475698024,0.5207837851871755,0.7491761445999146,0.8566045761108398,0.8566045761108398,0.8566045761108398,90.90249187036174,76.10807199069244,0.3810671108569084,0.4363557494407424,0.4935522273743828,0.4559762024353588,0.7068486213684082,0.8282499313354492,0.8282499313354492,0.8282499313354492,102.13216867664252,85.84323383471835
segformer,mitb0,sds-101,0.3302673785648853,0.3768085964801516,0.4205962258331347,0.4065891558007143,0.6208431720733643,0.7660743594169617,0.7660743594169617,0.7660743594169617,105.63158361557925,91.41758384549136,0.3326401769724239,0.3760223198566073,0.4109219738190521,0.4127332560789059,0.6326112747192383,0.7749686241149902,0.7749686241149902,0.7749686241149902,100.37139494989536,86.45809350600238
segformer,mitb0,sds-11,0.3692996547940077,0.4250910797637341,0.495038090151689,0.4425176000121651,0.6739941835403442,0.805252730846405,0.805252730846405,0.805252730846405,105.36021233821256,90.2939037621946,0.3200392857259216,0.3696414849600858,0.4390070171614931,0.3996403540319802,0.6289201378822327,0.772192656993866,0.7721927165985107,0.7721927165985107,111.20961728259653,95.6576108342322
segformer,mitb0,sds-201,0.3081384624057124,0.353584598693437,0.3785705708831055,0.394796961575893,0.5899069309234619,0.7420647740364075,0.7420647144317627,0.7420647144317627,106.65993340116582,92.70713855988316,0.3198360446974206,0.359493891054426,0.3788000392256371,0.4049681651841862,0.6123910546302795,0.759606122970581,0.759606122970581,0.759606122970581,99.44106317371488,85.84381760986285
segformer,mitb0,sds-21,0.3705960253134957,0.4264480923268576,0.4926652081797546,0.4453035230470187,0.6727668642997742,0.8043761253356934,0.8043761253356934,0.8043761253356934,103.54242675539273,89.35284470664921,0.332556697469518,0.3828750066412584,0.4481066951691668,0.4090072420424841,0.6451669335365295,0.7843178510665894,0.7843179106712341,0.7843179106712341,108.94436128998773,93.55074140581786
segformer,mitb0,sds-51,0.3656263838607995,0.4196998732257105,0.4689484652851049,0.4431529941229489,0.6560373306274414,0.7922977805137634,0.7922977805137634,0.7922977805137634,103.82209478163637,89.4307917999944,0.3282846140920774,0.3756950459834535,0.4310252626031411,0.4056810032959802,0.6221085786819458,0.7670369148254395,0.7670369148254395,0.7670369148254395,106.49811655434254,91.858733681296
segformer,mitb0,sds-5,0.3688782430256725,0.4231262215137242,0.4868266846467896,0.4444943524385703,0.6788927912712097,0.8087387084960938,0.8087387084960938,0.8087387084960938,102.93013560771942,87.99315923729608,0.3071717741818745,0.3556533965342672,0.4171834693333902,0.3924771523667935,0.6101850867271423,0.7579067349433899,0.7579067349433899,0.7579067349433899,113.02519541163676,96.79173032901386
segformer,mitb2,dem,0.489031190120302,0.5506840899929428,0.6166184765294868,0.5598202252792281,0.7807642221450806,0.8768866658210754,0.8768866658210754,0.8768866658210754,81.59704513787234,67.32733910542142,0.3836539791793601,0.4408983115630572,0.5139533287628925,0.4619556362416294,0.6872955560684204,0.8146712183952332,0.8146712183952332,0.8146712183952332,98.95137773642148,82.6519873822774
segformer,mitb2,ep-101,0.4412217200302318,0.5090462859034579,0.5766459041491795,0.5247676688058749,0.7217423319816589,0.838386058807373,0.8383859992027283,0.8383859992027283,91.23951069616584,75.9251789217647,0.3708932772606091,0.4186813765358892,0.4794504962597515,0.4533654998637955,0.6568939089775085,0.7929220199584961,0.7929220795631409,0.7929220795631409,99.06221826293093,83.2109439869575
segformer,mitb2,ep-11,0.4312848008275323,0.4968944330660971,0.5641265177159948,0.5097540371799293,0.7164587378501892,0.8348102569580078,0.8348103165626526,0.8348103165626526,93.45811961159154,78.19445434578392,0.3697849871413433,0.411143234558587,0.445038965771923,0.4545546176233447,0.6536555290222168,0.7905583381652832,0.7905582785606384,0.7905582785606384,91.8805321726974,76.68241607142495
segformer,mitb2,ep-201,0.4252019321475823,0.4923527897623665,0.55652121896275,0.5100322582277333,0.712729811668396,0.8322734832763672,0.8322734832763672,0.8322734832763672,94.36495732331198,79.29686120313916,0.3761200501302384,0.4290604112684152,0.4906358543758711,0.4638086234402892,0.6670389771461487,0.8002679944038391,0.8002679944038391,0.8002679944038391,101.35041896768972,84.38243627782674
segformer,mitb2,ep-21,0.4245190242674626,0.4884002349901762,0.5613147369227357,0.5054618530096251,0.7119045853614807,0.8317105770111084,0.8317105770111084,0.8317105770111084,93.89548636529372,78.77927765900945,0.3663064775721781,0.4051608104577887,0.4395613429783075,0.4536615020687599,0.6500654220581055,0.7879268527030945,0.7879268527030945,0.7879268527030945,91.7809261172549,75.9520689788138
segformer,mitb2,ep-51,0.4360820878459812,0.5016290062956335,0.5717228531752285,0.5131938254892028,0.7267635464668274,0.8417637944221497,0.8417637944221497,0.8417637944221497,91.07190248246611,75.98412869291585,0.3736846061641091,0.4180742317921241,0.4610750595990033,0.4584286689733121,0.6554613709449768,0.7918775677680969,0.7918775677680969,0.7918775677680969,90.433925354471,75.01476646035007
segformer,mitb2,ep-5,0.4404263775085277,0.5043071396608513,0.5630085150611154,0.5250011844791,0.7230537533760071,0.8392701148986816,0.8392701148986816,0.8392701148986816,92.00328192290138,76.83858619063508,0.3679823032076839,0.4145051230738678,0.4322517184783386,0.4694836523424709,0.6253949403762817,0.7695298194885254,0.7695298194885254,0.7695298194885254,94.5381443427298,78.3357037810854
segformer,mitb2,nhd,0.2287893895333496,0.2601354435695319,0.2722238033046129,0.3428410511002149,0.4543467164039612,0.6248120665550232,0.6248120665550232,0.6248120665550232,120.22753363484814,105.86633461104827,0.3213904862710025,0.3553284576312653,0.3759057277247251,0.4152093584696167,0.6079565286636353,0.7561852335929871,0.7561852931976318,0.7561852931976318,97.11956014364294,83.3887908818866
segformer,mitb2,nir,0.3139940826919905,0.3605931152548495,0.4047704862028126,0.3943160233993456,0.6172682046890259,0.7633466720581055,0.7633467316627502,0.7633467316627502,111.37590584906432,96.16544738390984,0.2074971414557975,0.2326595516005958,0.2750789814897356,0.2730712320178802,0.3955135345458984,0.5668358206748962,0.5668358206748962,0.5668358206748962,121.2960091176028,106.14738081574056
segformer,mitb2,osm,0.2278316671069413,0.2568441664440686,0.2589710548619516,0.3349934257372539,0.4594368040561676,0.6296083927154541,0.6296083927154541,0.6296083927154541,110.87879035337404,96.15086755325848,0.3122406504506576,0.3410064322798589,0.3364406983911299,0.4084646454129825,0.5985627770423889,0.74887615442276,0.74887615442276,0.74887615442276,88.66220114960568,74.51985711400532
segformer,mitb2,plc-100,0.2883336751291048,0.3430343163241252,0.3826052357601124,0.4038327833341895,0.5283856987953186,0.6914297938346863,0.6914297938346863,0.6914297938346863,111.07181296312592,96.41801383252886,0.3084146704207616,0.3542024586454114,0.3986204518156099,0.3934485052091399,0.5827509760856628,0.7363773584365845,0.7363772988319397,0.7363772988319397,106.69792909003029,91.3907054601391
segformer,mitb2,plc-10,0.384585395366317,0.4474570776551591,0.5195762320343204,0.4751459794418244,0.6770508885383606,0.8074303269386292,0.8074303269386292,0.8074303269386292,98.80229288556995,83.9199416344306,0.3546356750710816,0.4064357792956656,0.4727114098602653,0.4318316289865075,0.6684891581535339,0.8013107180595398,0.8013107776641846,0.8013107776641846,103.16383930934327,86.60965335328173
segformer,mitb2,plc-200,0.2380082833632636,0.2743307396341401,0.2755367454820363,0.3630382207489587,0.4595862030982971,0.6297486424446106,0.6297486424446106,0.6297486424446106,115.60919701366714,101.39054804655036,0.3133692852687995,0.3510869469725905,0.35978193467872,0.4120802120921066,0.5849521160125732,0.7381322979927063,0.7381322383880615,0.7381322383880615,97.17382307459218,83.08962527097658
segformer,mitb2,plc-20,0.3517351210226959,0.4142615580819589,0.4778433479794547,0.4460474498268311,0.6283993124961853,0.7718000411987305,0.7718000411987305,0.7718000411987305,104.7046531312371,89.47113134003898,0.3385639153836932,0.3866862381681358,0.4408884463483382,0.4207483779628821,0.6396398544311523,0.7802199125289917,0.7802199721336365,0.7802199721336365,105.66591076727386,88.53398375924642
segformer,mitb2,plc-50,0.3359672002801449,0.3939740688378247,0.4525448514221123,0.4345571729427049,0.6083957552909851,0.7565249800682068,0.7565249800682068,0.7565249800682068,103.64376603531876,88.91064113957879,0.339694608479054,0.3849974245507603,0.4375598432529128,0.4267617296353047,0.6296688318252563,0.7727567553520203,0.772756814956665,0.772756814956665,101.75648473413789,86.20126432593071
segformer,mitb2,plc-5,0.4015557557544654,0.4643487031697775,0.5300111076019843,0.4878777338923792,0.7037808299064636,0.8261401057243347,0.8261401057243347,0.8261401057243347,94.80443056503698,79.39999635932732,0.3619194871722408,0.4183770951881111,0.4855131275700649,0.441281071246667,0.6691336631774902,0.8017736673355103,0.8017736077308655,0.8017736077308655,104.3339161062598,87.62989087460599
segformer,mitb2,prc-100,0.3867859432229611,0.4486367613491737,0.4872469052773114,0.4815691522809192,0.663011908531189,0.7973628044128418,0.7973628044128418,0.7973628044128418,93.2082122842458,79.46758495341517,0.3632997833357988,0.4191290419548404,0.4698147710998107,0.4437452491295224,0.6617315411567688,0.7964361310005188,0.7964361310005188,0.7964361310005188,100.43257200536029,85.8327017211985
segformer,mitb2,prc-10,0.4292711262605867,0.494679675787688,0.5488012508593766,0.514331424086936,0.7230967283248901,0.8392990231513977,0.8392990231513977,0.8392990231513977,95.66897659512436,80.20534945375047,0.3915351953984429,0.451458043087952,0.5030665558147358,0.4689211176860549,0.7083491086959839,0.8292791247367859,0.8292791247367859,0.8292791247367859,101.95838391339338,84.98773606513478
segformer,mitb2,prc-200,0.3376626459972937,0.3933538919541273,0.4168060084513223,0.4419687364672837,0.610089898109436,0.7578333020210266,0.7578333020210266,0.7578333020210266,100.04370678830844,86.59511009293463,0.3444906852890458,0.3915548879628554,0.4121485350748873,0.4384757074786547,0.6255602836608887,0.7696549296379089,0.7696549892425537,0.7696549892425537,103.79138245103854,90.00908574392385
segformer,mitb2,prc-20,0.4434601281903375,0.5074811691642415,0.5659652588482104,0.5260460784931019,0.7276061177253723,0.8423287272453308,0.8423287272453308,0.8423287272453308,88.10961179242294,73.89000231156808,0.4079500115841884,0.4638786044293129,0.5209081970522403,0.4782772279344766,0.7292913794517517,0.8434569239616394,0.8434569239616394,0.8434569239616394,96.67624595333577,80.1634434043156
segformer,mitb2,prc-50,0.4294128066542567,0.4915716835560704,0.5342229237639523,0.5169087702396219,0.7077764272689819,0.8288865089416504,0.8288865089416504,0.8288865089416504,85.08715715302876,71.71496339759405,0.4046424934251872,0.4605397374210919,0.5118532824623336,0.4770990475819666,0.7179759740829468,0.8358392715454102,0.8358393311500549,0.8358393311500549,93.8446494805992,78.32106062414927
segformer,mitb2,prc-5,0.4371152921442557,0.5025922203737342,0.5633286716034522,0.5156539659254891,0.730255126953125,0.8441011309623718,0.8441011309623718,0.8441011309623718,90.94414183973664,75.80763727779942,0.3561630137434064,0.4167877311682084,0.4722424880476453,0.4365486678046132,0.6577699184417725,0.7935599088668823,0.7935599684715271,0.7935599684715271,103.06403197073844,86.09358413546276
segformer,mitb2,rgb,0.3385081002481356,0.3921514031492995,0.4499132693514919,0.420711718973675,0.6368758678436279,0.7781602740287781,0.7781602740287781,0.7781602740287781,104.67064906956509,89.82140810159572,0.2455703768352115,0.2779834680585638,0.2987299789282142,0.3271789833946758,0.4914517700672149,0.6590246558189392,0.6590246558189392,0.6590246558189392,112.6746445343903,97.83571554506432
segformer,mitb2,s-100,0.3762496754326849,0.4310785511845655,0.4730391560024971,0.4585694684810378,0.6630150079727173,0.7973650097846985,0.7973650097846985,0.7973650097846985,95.06548106212972,81.79711859962936,0.3737009939136166,0.4214054204384114,0.4611118966421174,0.4514203080229846,0.6843652129173279,0.8126090168952942,0.8126090168952942,0.8126090168952942,99.50507650046976,85.64014144813731
segformer,mitb2,s-10,0.4694261569494984,0.5282561575190153,0.5923822431362101,0.5425809585452017,0.7583717703819275,0.862584114074707,0.862584114074707,0.862584114074707,85.56329826501522,71.07767961440643,0.4178563603596591,0.4702693023740344,0.5225154340971843,0.4860670134302831,0.7416878938674927,0.8516886830329895,0.8516886234283447,0.8516886234283447,94.25427220708627,78.65273558802144
segformer,mitb2,s-200,0.3131325261329619,0.3600555881180862,0.3885402469861471,0.4009648585397335,0.5940752625465393,0.7453541159629822,0.7453541159629822,0.7453541159629822,105.71826998598412,92.07551879604192,0.3490280461024771,0.3891166191565597,0.3969955690514716,0.4340073572236235,0.6446694731712341,0.78395015001297,0.78395015001297,0.78395015001297,97.65837633732068,83.84730132253914
segformer,mitb2,s-20,0.4705021328634105,0.5300973770901305,0.5870486608488953,0.5437972706549918,0.7512723803520203,0.8579732179641724,0.8579731583595276,0.8579731583595276,83.64960649118622,69.58557991915126,0.4349261495433246,0.4887429574411873,0.5380213591218125,0.5025459391399064,0.75173020362854,0.8582717180252075,0.8582716584205627,0.8582716584205627,92.01811902261905,76.35086811934944
segformer,mitb2,s-50,0.4344411544738892,0.4918816441737264,0.5416586861133271,0.5150042842087702,0.7157772183418274,0.8343474268913269,0.8343474864959717,0.8343474864959717,87.58001564783957,74.05699735735324,0.4043460873186226,0.4564825781619977,0.5093818450512622,0.4730776449382106,0.7087230682373047,0.8295353055000305,0.8295353055000305,0.8295353055000305,93.5863349984918,78.91941496753624
segformer,mitb2,s-5,0.4561473171152769,0.5163966526769164,0.5795911931824799,0.5300192507708559,0.7486780881881714,0.8562788963317871,0.8562788963317871,0.8562788963317871,89.39877425245642,74.60890325370033,0.3811392581302685,0.4377198879681936,0.4942813079576322,0.4580791314160752,0.6958492994308472,0.8206499218940735,0.8206499218940735,0.8206499218940735,101.88261739400753,85.35155983770797
segformer,mitb2,sds-101,0.3359933183181127,0.3830494045351904,0.4216934454435869,0.4146345146439865,0.625541090965271,0.7696404457092285,0.7696404457092285,0.7696404457092285,104.52138052447314,90.7296995419238,0.3373109910545231,0.3806811120998629,0.4140830783031204,0.4214376644717336,0.6378015875816345,0.7788508534431458,0.7788508534431458,0.7788508534431458,100.94458791622482,86.66516256993823
segformer,mitb2,sds-11,0.4047985224689314,0.463592338069677,0.5253547660986422,0.4779546574690723,0.7047820687294006,0.8268294334411621,0.8268294930458069,0.8268294930458069,96.85361317931016,82.22309627745277,0.3554341969835284,0.4113672128020433,0.4743520062109186,0.4323761947255982,0.6644747257232666,0.7984196543693542,0.798419713973999,0.798419713973999,104.29609268515952,87.91470207123105
segformer,mitb2,sds-201,0.3037377011071182,0.3503913545552704,0.3778928003635851,0.3880745268229857,0.583949863910675,0.7373337745666504,0.7373337745666504,0.7373337745666504,109.35210506886544,95.34961143442575,0.3207586529095991,0.361594760731274,0.3841867358153025,0.4033743925656736,0.6158187389373779,0.7622373700141907,0.7622373700141907,0.7622373700141907,100.01365551639164,86.11057489418074
segformer,mitb2,sds-21,0.397522404332374,0.4557116168659084,0.5197272365946183,0.4738354787423439,0.6917675733566284,0.8178045153617859,0.8178045153617859,0.8178045153617859,98.69799762849556,83.87835183359095,0.3590584164298218,0.4128409779148805,0.475799460435223,0.4378610112451943,0.6688897013664246,0.8015985488891602,0.8015984892845154,0.8015984892845154,104.88067384636176,89.53739231755544
segformer,mitb2,sds-51,0.3716081042882118,0.4222461484303512,0.480094932040284,0.4467571250479418,0.6685044765472412,0.8013216853141785,0.8013217449188232,0.8013217449188232,101.8704950236559,87.33714884210573,0.3587048985369913,0.4044750339088274,0.4520709552194725,0.4355968397992191,0.6701493859291077,0.8025023341178894,0.8025023341178894,0.8025023341178894,99.95046786950864,84.8508815068591
segformer,mitb2,sds-5,0.4159883064232474,0.4774509507062668,0.5380578673511612,0.4947759511970556,0.7092216610908508,0.829876720905304,0.829876720905304,0.829876720905304,95.53820792140488,80.9083984811425,0.3588388554692496,0.4163790318993562,0.4738463936377162,0.4369429575116599,0.6688714623451233,0.8015853762626648,0.8015853762626648,0.8015853762626648,103.46543974601306,87.27263046558689
unet,resnet18,dem,0.423165935857744,0.4849954502137132,0.5448389514527938,0.5014143694168076,0.7244299650192261,0.840196430683136,0.840196430683136,0.840196430683136,99.95072813637286,77.66622025264185,0.212695837749018,0.2555313474795522,0.3386031220353812,0.2800019724558548,0.4857878983020782,0.6539128422737122,0.6539128422737122,0.6539128422737122,125.31540715423222,108.41710429920202
unet,resnet18,ep-101,0.4109785329190489,0.4742681163914783,0.5548963153478219,0.4868672509458113,0.7087991833686829,0.829587459564209,0.829587459564209,0.829587459564209,100.7339820751462,80.07073104731788,0.3775861447486646,0.424978624541889,0.4927397985067368,0.4565537487156514,0.6769471764564514,0.807356595993042,0.807356595993042,0.807356595993042,101.57265209274811,83.82070013677955
unet,resnet18,ep-11,0.4176025518944181,0.4806002600868906,0.5522710614137861,0.4891477758918767,0.7314902544021606,0.844925582408905,0.8449256420135498,0.8449256420135498,98.70513365686458,76.292849353852,0.3344589888746265,0.3732557889577278,0.4175962364694415,0.4162383589718001,0.6373730301856995,0.7785312533378601,0.7785312533378601,0.7785312533378601,101.9065987597234,85.36367437777363
unet,resnet18,ep-201,0.3989930427559751,0.4600016222638299,0.5337500748026536,0.4781494819947944,0.7049466371536255,0.8269427418708801,0.8269427418708801,0.8269427418708801,101.76708339701403,81.68157788378294,0.3774698916306666,0.4296326573715276,0.4965024493703169,0.4567090923560427,0.6852859258651733,0.8132577538490295,0.8132577538490295,0.8132577538490295,104.29617956184768,85.54036663944784
unet,resnet18,ep-21,0.4238644049733466,0.4876488740780082,0.5571542536086896,0.4969741246367681,0.7283095717430115,0.8427998423576355,0.8427999019622803,0.8427999019622803,98.7491994936175,75.65459549871032,0.3480182352525249,0.3900670410413681,0.4324768169032206,0.4351688891509399,0.640560507774353,0.7809044718742371,0.7809044718742371,0.7809044718742371,99.77851756970152,82.51669561872822
unet,resnet18,ep-51,0.4253045199377119,0.4894933601138059,0.553784404514449,0.5066333469451224,0.7248308658599854,0.8404660224914551,0.8404660224914551,0.8404660224914551,99.4774984349678,77.25710836223838,0.3732673420570376,0.4198668107035581,0.4596945859706199,0.4621349679029521,0.6552979350090027,0.7917583584785461,0.7917582988739014,0.7917582988739014,98.600435590009,80.80058510868535
unet,resnet18,ep-5,0.4254448306962834,0.4878707237919256,0.5621434338895467,0.4985659362497526,0.7323715686798096,0.8455133438110352,0.8455132842063904,0.8455132842063904,99.26896851934652,76.1941738093153,0.2503228107042104,0.2943684743317962,0.3553421330560802,0.3346931720783051,0.4857045710086822,0.6538373827934265,0.6538373827934265,0.6538373827934265,122.09528576591116,103.8813997641778
unet,resnet18,nhd,0.2347693058949554,0.2686249685147462,0.2771649473919005,0.3554642036359304,0.4599332213401794,0.6300743222236633,0.6300743222236633,0.6300743222236633,120.46563918124912,106.32335394168682,0.3235588798023771,0.360265253548359,0.3683467471056133,0.4182230697815471,0.6126794219017029,0.7598279118537903,0.7598279118537903,0.7598279118537903,94.84093032754431,81.33541401296458
unet,resnet18,nir,0.3169576430683018,0.363720445544771,0.4110061671134216,0.3956136979900767,0.621343195438385,0.7664548754692078,0.7664548754692078,0.7664548754692078,115.55707871613528,96.42047944461125,0.1760565949569273,0.1966407940949475,0.2896694442166923,0.2459034725421399,0.3107186257839203,0.4741195142269134,0.4741195142269134,0.4741195142269134,117.3141995023233,102.5074638389455
unet,resnet18,osm,0.2309322177754409,0.2583724677261078,0.2530696750336669,0.3411033384664561,0.4605612754821777,0.6306633949279785,0.6306633949279785,0.6306633949279785,111.65117937326433,96.9434333809169,0.3220679140193816,0.3490739714476005,0.3309442679262507,0.4223499609607566,0.5991570353507996,0.7493410110473633,0.7493410706520081,0.7493410706520081,83.85023056576354,70.98227510092451
unet,resnet18,plc-100,0.2777989933629335,0.3300830406499836,0.3729414691482368,0.382307345057284,0.5284014344215393,0.6914432644844055,0.6914432644844055,0.6914432644844055,121.1775056725596,103.33282114858872,0.3015776307247128,0.3432293411028616,0.3937969013289185,0.3814656399788211,0.5928741693496704,0.744408130645752,0.7444080710411072,0.7444080710411072,106.40874884351926,90.76706024577156
unet,resnet18,plc-10,0.3538989329827519,0.4181605671280909,0.4863330727181354,0.4404263138220441,0.6489283442497253,0.787091076374054,0.7870910167694092,0.7870910167694092,110.10237375686724,89.60585328901745,0.309038459715461,0.3625729928026328,0.422605726544161,0.3782865459280133,0.6344008445739746,0.7763099670410156,0.7763099670410156,0.7763099670410156,112.79131837459268,93.7577908103306
unet,resnet18,plc-200,0.2302008863809121,0.2657343922703533,0.2822745597859682,0.3429533745939847,0.4620635509490967,0.6320704221725464,0.6320704221725464,0.6320704221725464,122.92828718641088,107.26862206721503,0.2995164916886094,0.3350143242148443,0.3513750719756613,0.3887698097871386,0.5923707485198975,0.7440111041069031,0.7440111041069031,0.7440111041069031,100.21139679315633,85.05910912345634
unet,resnet18,plc-20,0.336181737792647,0.3996373942014181,0.4656347736257143,0.4269997630670283,0.615993857383728,0.7623715400695801,0.7623715400695801,0.7623715400695801,117.86837558090303,94.7271033224323,0.3239333066640796,0.3752235144516488,0.4254771281861927,0.3997160106267287,0.6402530670166016,0.7806758880615234,0.7806759476661682,0.7806759476661682,112.22852849443836,92.89946075555412
unet,resnet18,plc-50,0.2999163946401052,0.3543772294758724,0.4238996313851992,0.3865011010924326,0.5670270323753357,0.72369784116745,0.72369784116745,0.72369784116745,119.7687191862809,97.16024906552936,0.2980630606325166,0.3429466892387578,0.4104637319239412,0.3733391407194271,0.5824254155158997,0.7361173629760742,0.7361173629760742,0.7361173629760742,111.76267205623822,93.9760205377808
unet,resnet18,plc-5,0.3685806118034234,0.4292866207587502,0.5082995432219253,0.4459045076935153,0.676287055015564,0.8068869113922119,0.8068869113922119,0.8068869113922119,110.89150773350792,87.05192271956666,0.3188804163457154,0.3707717813177586,0.4444329717498642,0.3896614794976399,0.638816773891449,0.7796072959899902,0.7796072959899902,0.7796072959899902,112.49391701039286,93.5345931862676
unet,resnet18,prc-100,0.3752749728686414,0.433904686861376,0.4722160188167214,0.4701590506754284,0.6655166745185852,0.7991714477539062,0.7991714477539062,0.7991714477539062,104.07757386991788,79.09523900561119,0.3610255310437639,0.4135516617340681,0.4626894776779583,0.4405856843096511,0.6725340485572815,0.8042097091674805,0.8042097091674805,0.8042097091674805,102.85980520185196,84.5874257900498
unet,resnet18,prc-10,0.4406353571752713,0.5041397642136913,0.5675514182016799,0.5169187148272286,0.7400822043418884,0.8506290316581726,0.8506290316581726,0.8506290316581726,94.92867120731582,74.19905504734878,0.3917028465385069,0.4503119608008318,0.5026325581836093,0.4650840552945262,0.7244549989700317,0.8402132987976074,0.8402132987976074,0.8402132987976074,100.77370623239923,81.50258468979757
unet,resnet18,prc-200,0.3296187601601342,0.3863288007933814,0.4159215790735089,0.431418318893272,0.6106294393539429,0.7582494616508484,0.7582494616508484,0.7582494616508484,109.66697305683029,88.26830377533679,0.3391896977450791,0.3871437619501776,0.4157671058305668,0.4295000820105625,0.6323627829551697,0.7747821807861328,0.7747821807861328,0.7747821807861328,105.06103693729004,87.95984559141968
unet,resnet18,prc-20,0.4317120488259162,0.4930039517203376,0.5586756231560903,0.5070179273527646,0.7285722494125366,0.8429757952690125,0.8429757952690125,0.8429757952690125,96.14459299070234,74.59909956641444,0.3985929376139558,0.4533856925431619,0.5018883203272183,0.4662563955120139,0.7330354452133179,0.8459555506706238,0.8459555506706238,0.8459555506706238,99.45481490652833,80.25306576583839
unet,resnet18,prc-50,0.4081025667424631,0.4685214100636569,0.5251352176921567,0.4902807397407299,0.7043466567993164,0.8265298008918762,0.8265298008918762,0.8265298008918762,97.84158843408,76.38276033308061,0.3830044201608197,0.4362042926906649,0.4875588239884157,0.4516526121663343,0.7164227962493896,0.8347859382629395,0.8347859382629395,0.8347859382629395,99.64488519847002,81.1057002178175
unet,resnet18,prc-5,0.4373109341855423,0.498576514574475,0.568345595731238,0.5084660701185872,0.7485849857330322,0.8562180399894714,0.8562180399894714,0.8562180399894714,98.5724791081362,75.17837824582733,0.379119390908561,0.43880084642617,0.4953020186068546,0.4552088174895948,0.7108740210533142,0.8310068249702454,0.8310068249702454,0.8310068249702454,100.96439090366624,81.26532649099376
unet,resnet18,rgb,0.3169872394945089,0.3678830267802261,0.429384271799289,0.3962569030289436,0.6244476437568665,0.7688122987747192,0.7688122391700745,0.7688122391700745,115.03022240664431,96.20217188687144,0.2210980451385427,0.2499814011899591,0.3073363838266434,0.2808996935963105,0.4229715168476105,0.5944904685020447,0.5944904685020447,0.5944904685020447,114.90517416217544,98.89517242390592
unet,resnet18,s-100,0.3665058315604886,0.4207240335816108,0.4634042460731288,0.4527326587640389,0.6565390825271606,0.79266357421875,0.79266357421875,0.79266357421875,103.33841994179566,85.49085949411598,0.367192183928774,0.4125042018218179,0.4426078749103759,0.4467127930912596,0.6792731285095215,0.8090084791183472,0.8090085387229919,0.8090085387229919,101.18215994781522,85.26766628748544
unet,resnet18,s-10,0.4602218412811345,0.5181349269131573,0.5829875699544262,0.5301462656381208,0.7598099112510681,0.8635136485099792,0.8635136485099792,0.8635136485099792,96.25655643343762,73.92282858040187,0.4128538571245202,0.4660831622830132,0.5160140033679248,0.483312322466675,0.7444472908973694,0.85350501537323,0.8535050749778748,0.8535050749778748,98.8585846173695,79.46272330759135
unet,resnet18,s-200,0.3082789668201925,0.3572195002951105,0.3913644676228706,0.3954002802967564,0.5943284630775452,0.7455533146858215,0.7455533146858215,0.7455533146858215,112.54260825172888,94.93965626490969,0.3456001202064456,0.3869694229911123,0.4016448863522707,0.4310099345525989,0.6454634070396423,0.7845369577407837,0.7845368981361389,0.7845368981361389,102.66288483659734,87.92153735184768
unet,resnet18,s-20,0.446607420554895,0.5062235227099646,0.5644135003845006,0.5219462035982523,0.7428552508354187,0.8524577021598816,0.8524577617645264,0.8524577617645264,96.29745401639356,73.9763202349565,0.41681091290871,0.4684426679375219,0.5089316588227351,0.480963484064025,0.758340060710907,0.8625636100769043,0.8625636100769043,0.8625636100769043,96.58724280047386,77.40080684704674
unet,resnet18,s-50,0.418690998088517,0.4761212479749773,0.533535062580299,0.4936172797206054,0.7137089371681213,0.8329405784606934,0.8329406380653381,0.8329406380653381,97.0374255041927,77.6985499975053,0.3964027959899039,0.4475027978762603,0.496120395929845,0.4636034363807431,0.7223824262619019,0.8388175964355469,0.8388176560401917,0.8388176560401917,96.26362050796568,79.62469350460363
unet,resnet18,s-5,0.4509937003321692,0.507200225851692,0.5768801736684752,0.5177090492728338,0.7637363076210022,0.8660435676574707,0.8660436272621155,0.8660436272621155,98.75779722485964,75.00375506925725,0.400427278736404,0.454873804637777,0.5139976243264965,0.4665450384905495,0.7456870079040527,0.8543192744255066,0.8543192744255066,0.8543192744255066,100.37182883319318,79.89582038776693
unet,resnet18,sds-101,0.3125988663037952,0.3608696818431982,0.4050375893524718,0.3893282729937221,0.6121700406074524,0.7594360113143921,0.7594360709190369,0.7594360709190369,117.84911072018008,98.59421864586552,0.3104349572922227,0.3552984326385738,0.3946076360864385,0.389073806651227,0.6130831837654114,0.7601383328437805,0.7601383328437805,0.7601383328437805,107.14553712078263,90.45971578201528
unet,resnet18,sds-11,0.3839923034252257,0.4403037660098495,0.5053812997375469,0.457456568380289,0.6969822645187378,0.8214372992515564,0.8214372992515564,0.8214372992515564,108.389050627211,87.52546936817949,0.3293986429887675,0.3792143971097856,0.4462525757778176,0.4065765406772507,0.6455735564231873,0.7846183180809021,0.7846183180809021,0.7846183180809021,110.17494807599292,91.73651212586118
unet,resnet18,sds-201,0.2918644194775001,0.3376188539516813,0.3722514913584443,0.3743996248458403,0.5766384601593018,0.7314783930778503,0.7314783930778503,0.7314783930778503,117.29796164904047,99.2758876669512,0.3190983720953406,0.3610334290861339,0.3822129317225783,0.3990245748412409,0.62391597032547,0.7684091925621033,0.7684091925621033,0.7684091925621033,97.45937174479307,82.58917233874128
unet,resnet18,sds-21,0.39357173154652,0.4512500839568725,0.5161119167498118,0.4646768013856012,0.7014994621276855,0.8245661854743958,0.8245661854743958,0.8245661854743958,105.05620644084507,84.86301141794453,0.3341992269979399,0.3869578424705782,0.452872357122097,0.409072744151201,0.6535306572914124,0.7904669642448425,0.7904669642448425,0.7904669642448425,110.65038663799636,92.73194096522246
unet,resnet18,sds-51,0.354680889491028,0.4077746727316944,0.4687625699989807,0.4256856204931071,0.6595398783683777,0.7948467135429382,0.7948467135429382,0.7948467135429382,111.091855751214,90.949739103058,0.3111275652059602,0.3608634929865882,0.4274760300072548,0.3893469327542495,0.6047731041908264,0.7537178993225098,0.7537178993225098,0.7537178993225098,113.507265029064,95.63882049918176
unet,resnet18,sds-5,0.3989856127128213,0.4565318840635094,0.5255793378453731,0.4708287620021295,0.7101002931594849,0.8304779529571533,0.8304779529571533,0.8304779529571533,103.36868564764794,82.1309725016599,0.3203125523023737,0.3721578890182286,0.4482751565096036,0.3910730664605453,0.6322813630104065,0.774721086025238,0.774721086025238,0.774721086025238,110.18782881547,90.61217578991706
