input,pos_weight,gamma,alpha,f1_id,f1_cd,delta,delta_rel,total
dem,-,0.5,0.5,0.6808345728345955,0.5350576750749336,0.14577689775966185,21.411500469597545,1.215892247909529
dem,-,3.0,-,0.6668239446002218,0.5280579826213974,0.1387659619788244,20.80998486969723,1.1948819272216191
dem,-,0.5,0.25,0.6629324182432236,0.5262196571152294,0.13671276112799413,20.622428073480563,1.189152075358453
dem,ens,-,-,0.669437490626181,0.5087382143905105,0.16069927623567049,24.00512049084,1.1781757050166914
dem,-,-,-,0.6831375951985386,0.4925463724855685,0.19059122271297008,27.899390115922255,1.175683967684107
dem,-,0.5,-,0.659142716676463,0.5161927394320676,0.1429499772443954,21.687257346205605,1.1753354561085305
dem,irlbl,0.5,-,0.6657521851829814,0.504897165296063,0.16085501988691842,24.161395706528182,1.1706493504790445
dem,-,1.0,-,0.6737743408340896,0.4890899684263471,0.1846843724077425,27.410419366685147,1.1628643092604367
dem,-,0.5,0.75,0.6639111156418517,0.4973427706672241,0.16656834497462758,25.088952579682854,1.1612538863090758
dem,icf,-,-,0.6580199318666126,0.4888605175437686,0.16915941432284398,25.707338962056596,1.1468804494103813
dem,-,2.0,-,0.6391973481927121,0.4967948863559008,0.14240246183681132,22.278324877198692,1.1359922345486129
dem,irlbl,-,-,0.652164374775843,0.4789898465870424,0.17317452818880058,26.55381601430204,1.1311542213628853
dem,-,1.5,-,0.6565895928001442,0.4653550448068508,0.19123454799329337,29.12543087649917,1.121944637606995
dem+s-ms,-,0.5,-,0.6609623328783926,0.6015644890715939,0.05939784380679869,8.98657016476717,1.2625268219499866
dem+s-ms,-,1.5,-,0.6658664311409562,0.5964019440524134,0.0694644870885428,10.432195383316746,1.2622683751933697
dem+s-ms,-,2.0,-,0.6571005344092322,0.5977500871674574,0.05935044724177485,9.03217150707905,1.2548506215766895
dem+s-ms,-,0.5,0.75,0.6555600798577969,0.5866143451499213,0.06894573470787557,10.51707338903723,1.2421744250077182
dem+s-ms,-,-,-,0.6553221646444314,0.5846083335381268,0.07071383110630458,10.790697296904785,1.239930498182558
dem+s-ms,-,0.5,0.5,0.6515152736865539,0.5864999852416931,0.06501528844486082,9.979088913292289,1.2380152589282472
dem+s-ms,irlbl,-,-,0.6592903948556474,0.5753121987442934,0.08397819611135404,12.737664125948806,1.234602593599941
dem+s-ms,-,1.0,-,0.6540428225406091,0.574326015597676,0.07971680694293304,12.18831614622351,1.2283688381382851
dem+s-ms,-,3.0,-,0.6690633740427928,0.5550151762956799,0.11404819774711294,17.04594843654056,1.2240785503384726
dem+s-ms,-,0.5,0.25,0.6561360491518965,0.5647041911608837,0.09143185799101283,13.934893244959662,1.2208402403127803
dem+s-ms,icf,-,-,0.6387659395509961,0.5541568392448964,0.0846091003060997,13.245712563442794,1.1929227787958925
dem+s-ms,ens,-,-,0.6207648833947158,0.5606598513059126,0.060105032088803245,9.682414984577216,1.1814247347006284
dem+s-ms,irlbl,0.5,-,0.6366751809752016,0.5339184266245176,0.10275675435068399,16.139588509369954,1.1705936075997192
s-5,-,0.5,0.5,0.6369234214806391,0.6046813843529247,0.03224203712771434,5.062152849201577,1.2416048058335638
s-5,-,3.0,-,0.6383281863105535,0.6030020519215504,0.03532613438900312,5.534164893012663,1.2413302382321039
s-5,-,-,-,0.6388622848876874,0.6011152027266732,0.03774708216101419,5.908484982432507,1.2399774876143606
s-5,-,1.0,-,0.63019846947026,0.6039463853286143,0.026252084141645704,4.165685163233259,1.2341448547988745
s-5,irlbl,0.5,-,0.6432638816174444,0.5905364682016013,0.05272741341584308,8.196855897343948,1.2338003498190457
s-5,-,0.5,0.75,0.636745080084025,0.5967469420917192,0.03999813799230578,6.281656387047015,1.2334920221757442
s-5,-,0.5,-,0.6323069208631052,0.6010383029982181,0.031268617864887105,4.945164576437837,1.2333452238613234
s-5,irlbl,-,-,0.637344409039268,0.5954236580735507,0.041920750965717346,6.577409383555842,1.2327680671128187
s-5,-,0.5,0.25,0.6356894711157919,0.5938335328006794,0.04185593831511247,6.584337198733994,1.2295230039164713
s-5,-,1.5,-,0.6358054443766649,0.5929805289424083,0.042824915434256594,6.735537704657683,1.2287859733190731
s-5,-,2.0,-,0.6309758853629391,0.590919714157277,0.04005617120566218,6.34828875950176,1.221895599520216
s-5,ens,-,-,0.6233236357886021,0.5655695211287635,0.057754114659838596,9.26551013692439,1.1888931569173655
s-5,icf,-,-,0.6304502215651852,0.542317983548682,0.08813223801650316,13.97925403177779,1.1727682051138673
s-ms,-,0.5,0.75,0.6617577455717086,0.6198997130283622,0.04185803254334641,6.325280334601032,1.2816574586000709
s-ms,-,3.0,-,0.632045879851149,0.6272510217693176,0.0047948580818314435,0.7586250040836694,1.2592969016204667
s-ms,-,0.5,-,0.6449935719382515,0.6140550232927169,0.03093854864553458,4.796722012680227,1.2590485952309685
s-ms,irlbl,0.5,-,0.6644254221233156,0.5879807449973772,0.07644467712593839,11.505381127898875,1.2524061671206927
s-ms,-,2.0,-,0.6466694245179189,0.6055860125828607,0.041083411935058156,6.353077844322877,1.2522554371007795
s-ms,-,0.5,0.25,0.6400040995060882,0.61165233246445,0.02835176704163811,4.429935224402169,1.251656431970538
s-ms,-,1.0,-,0.6310139062118804,0.6184278688354505,0.012586037376429826,1.9945736936269225,1.2494417750473308
s-ms,-,1.5,-,0.632114234113774,0.6106118159140247,0.021502418199749296,3.401666508885969,1.2427260500277986
s-ms,irlbl,-,-,0.6485599120817137,0.5795754562776718,0.06898445580404189,10.63655870783305,1.2281353683593856
s-ms,ens,-,-,0.633949246031294,0.5924117335419722,0.041537512489321804,6.55218264701136,1.2263609795732662
s-ms,-,-,-,0.6444750049454042,0.5804252820686308,0.06404972287677346,9.938278813807425,1.224900287014035
s-ms,-,0.5,0.5,0.6348629959139883,0.5860220193507375,0.048840976563250815,7.693152204112369,1.220885015264726
s-ms,icf,-,-,0.6081556208577136,0.5486643997434798,0.05949122111423377,9.782236498995141,1.1568200206011934
