input,exp_type,macro_precision,macro_recall,macro_f1,auroc,macro_map,micro_accuracy,macro_precision_cd,macro_recall_cd,macro_f1_cd,auroc_cd,macro_map_cd,micro_accuracy_cd
dem+rgb,multimodal_ca,0.5455765071012223,0.6404707980919859,0.586352732447312,0.8215828628808534,0.6207369030912105,0.8340773809523809,0.4879273380415308,0.623014469888478,0.4842273931227379,0.7210642338031094,0.5446986436060135,0.7458147321428571
dem+rgb,multimodal_concat,0.5616383299672533,0.633917698244752,0.594661371912415,0.7422149218129496,0.602249823781749,0.8351934523809523,0.5278485124914537,0.537375497236204,0.5245634638057243,0.7133980844680069,0.5342689962925854,0.8347284226190477
dem+rgb,multimodal_sa,0.5850488880120196,0.7575357991764944,0.6356516146461634,0.8722872940935608,0.6620043624857822,0.8415178571428571,0.4574385005518806,0.5439798836711199,0.4918866606133997,0.654034948925374,0.4958771880409876,0.8173363095238095
dem+rgb,multimodal_stack,0.5978040076814422,0.7717029739181077,0.6415613444653953,0.8663427853588972,0.6655307977439492,0.8415178571428571,0.4515449263266425,0.6284556174751186,0.5186744286523645,0.6942764970190878,0.5160028742763568,0.7959449404761905
dem+s-ms,multimodal_ca,0.6013250653510825,0.7041864200331772,0.6328918751474966,0.8726832148537625,0.6698683715601826,0.8523065476190477,0.4905481256427516,0.6279903151994353,0.5431781898547087,0.7664631495644068,0.5743315619903909,0.8361235119047619
dem+s-ms,multimodal_concat,0.574967718152026,0.7416836478799518,0.6347475731582193,0.8669915067815543,0.6752354763163925,0.8483072916666666,0.4854217781514707,0.6697128306721621,0.5573290099366324,0.7350929879909762,0.5973265732404132,0.8411458333333334
dem+s-ms,multimodal_sa,0.6580367266740075,0.7488285855191764,0.6785319176146938,0.9132308493965764,0.7312626732152651,0.8801153273809523,0.5172867510851923,0.6225865696861834,0.5543392214852453,0.8117878554660878,0.5911572269325622,0.8603050595238095
dem+s-ms,multimodal_stack,0.6549892183880914,0.6941167892190206,0.6706852352012005,0.905116317738104,0.7320726820581239,0.8832775297619048,0.5497721103818817,0.6693023437670169,0.5914519923072998,0.786419947515207,0.631064348923968,0.8470052083333334
ep-ms+prc-ms,multimodal_ca,0.5490891897842011,0.73760675480187,0.6051575684160013,0.8358745306290825,0.6454712490889143,0.8213355654761905,0.5081591454888605,0.6511368799587408,0.561993153657629,0.7804316894010815,0.5796975523183854,0.8380766369047619
ep-ms+prc-ms,multimodal_concat,0.5679314573708697,0.6586545854690573,0.6071535181279896,0.8390467714147452,0.6504099060262981,0.8422619047619048,0.5132644204046859,0.6119520718978079,0.5462981620009706,0.7519620538333956,0.5796868998999729,0.8323102678571429
ep-ms+prc-ms,multimodal_sa,0.6277006129547343,0.7297421363376958,0.6653431713842021,0.9102364514741924,0.7173264856095664,0.8806733630952381,0.551978289521999,0.6126634565265076,0.5749965713918099,0.802595462128244,0.5919200717247346,0.8674665178571429
ep-ms+prc-ms,multimodal_stack,0.6174380034892984,0.7207283537857797,0.6540217617016663,0.8935541146083387,0.706377256997013,0.8709077380952381,0.5461364747550139,0.4980151113219354,0.4960980528987237,0.7824254194165844,0.5576523290866315,0.8508184523809523
ep-ms+prc-ms+s-ms,multimodal_ca,0.5592848640642576,0.6730504061320722,0.6049177302508942,0.8470830755491995,0.6573630429776133,0.8351934523809523,0.5444031074000047,0.6526413737589988,0.5754539438221827,0.8042897782739883,0.6271652019097129,0.8388206845238095
ep-ms+prc-ms+s-ms,multimodal_concat,0.567995927481012,0.714014257188368,0.62847047298486,0.8486458824572175,0.6670911883319416,0.8439360119047619,0.502142383488611,0.6711699656263816,0.565660430289624,0.7749142443408719,0.6091328089019495,0.8373325892857143
ep-ms+prc-ms+s-ms,multimodal_sa,0.6632527168811773,0.721629582336367,0.6898910240436583,0.9093502965906852,0.7363039236699029,0.8862537202380952,0.5216518451246688,0.6532957748882166,0.5635545548989178,0.8243724859261886,0.6025993111552461,0.8463541666666666
ep-ms+prc-ms+s-ms,multimodal_stack,0.645086913790433,0.7093121797588386,0.6697969639314456,0.8972828504155892,0.7128476312333778,0.8830915178571429,0.5548178384698919,0.6683062212058274,0.5909049767865803,0.7768789126379302,0.6480380113993329,0.8589099702380952
ep-ms+s-ms,multimodal_ca,0.5537624142159484,0.7404394122217485,0.612901339966157,0.8369688314141842,0.6418032484082135,0.8298921130952381,0.4938640128721001,0.6996755110013922,0.5642915935628884,0.7941066370444083,0.5963078372423934,0.8318452380952381
ep-ms+s-ms,multimodal_concat,0.5625368386361395,0.6625629142782777,0.6050069634698259,0.8110129731307417,0.6493538633755762,0.8427269345238095,0.4756949107650627,0.6699405050905387,0.535949047678873,0.7659144959079421,0.5617704672619617,0.8032924107142857
ep-ms+s-ms,multimodal_sa,0.6544123787535405,0.6903551280887618,0.6672060017619934,0.9036390294025062,0.7058626831716869,0.8815104166666666,0.543101306389513,0.566569660150519,0.5151219941240068,0.8013738787680694,0.5942234193298335,0.8539806547619048
ep-ms+s-ms,multimodal_stack,0.6247222947272697,0.7173249459310949,0.6621561836105848,0.8820996071607409,0.7175061130463448,0.8784412202380952,0.5849016345187056,0.6083382473551414,0.595095450406531,0.8079418201430324,0.6208273627182657,0.8776971726190477
ep-ms+s-ms+sds-ms,multimodal_ca,0.5716291677140822,0.6631675096522438,0.6064607956767815,0.8502425291276455,0.6505093471324662,0.8469122023809523,0.5557470545626801,0.6793863059759256,0.6020940385515778,0.8206143614448488,0.6344042748223718,0.8565848214285714
ep-ms+s-ms+sds-ms,multimodal_concat,0.5756020392957354,0.732986189166347,0.6205729927222743,0.8377056117743782,0.656702094509541,0.8402157738095238,0.5167000081829792,0.703070662622981,0.5868077909865324,0.7978624629519547,0.6337296241276054,0.8440290178571429
ep-ms+s-ms+sds-ms,multimodal_sa,0.6141968472165668,0.7523249752200671,0.6655687886766761,0.9014626498834762,0.7094831796303612,0.8735119047619048,0.5406529115774038,0.7072416379532241,0.600772886365566,0.8375622956560395,0.6571976073709517,0.8621651785714286
ep-ms+s-ms+sds-ms,multimodal_stack,0.6227421390597228,0.6901666374505088,0.6443854926042224,0.8745383936108029,0.6982473490038752,0.8744419642857143,0.5531918969313994,0.6984408014840916,0.6078744226004392,0.8390943820297768,0.6468142347784863,0.8604910714285714
prc-ms+s-ms,multimodal_ca,0.581701823570282,0.7167893628678961,0.6324428649055859,0.8627466341854397,0.6650140573822677,0.8523065476190477,0.4893726014304267,0.6679322121568528,0.5585997663050717,0.8097291045592792,0.5936106510799817,0.8411458333333334
prc-ms+s-ms,multimodal_concat,0.593618211191467,0.7476797267933388,0.6361485321139847,0.8744974355883487,0.6806625838262601,0.8510044642857143,0.4748762817325821,0.6597127209640413,0.5442322197797657,0.7686501296285112,0.5786726400847825,0.8209635416666666
prc-ms+s-ms,multimodal_sa,0.6334987882282702,0.769310391051716,0.6709207497221836,0.905311281941229,0.7169266821019517,0.8713727678571429,0.5228767584491966,0.7312900987781837,0.5966557240207898,0.8273441274998145,0.6338160386102201,0.8523995535714286
prc-ms+s-ms,multimodal_stack,0.6408198942493036,0.723805498480665,0.674129491547607,0.8849120263301123,0.7074935863344577,0.8848586309523809,0.5466094618401686,0.7102994825730045,0.6125778200999681,0.8489098529578932,0.6566843958349434,0.8695126488095238
rgb+dem+ep-ms+s-ms+sds-ms,multimodal_ca,0.6176423280962914,0.7020377904999345,0.6436954230134576,0.8809256006110403,0.6851187638328755,0.8617931547619048,0.5484275173131753,0.5943112956197864,0.5638692528975809,0.8118895591711155,0.6059983010094389,0.8607700892857143
rgb+dem+ep-ms+s-ms+sds-ms,multimodal_concat,0.434277844490507,0.8310857680436435,0.5119235932959428,0.5436024354109988,0.4768234535741039,0.5736607142857143,0.3463366224667804,0.7657422260175221,0.403254754187389,0.6467969362090054,0.4743313947546396,0.4949776785714285
rgb+dem+ep-ms+s-ms+sds-ms,multimodal_sa,0.6089727822363628,0.6887706529396687,0.641483592807325,0.8926172967119541,0.703511756434925,0.8709077380952381,0.4963626623192189,0.6164530206519447,0.5402972137449308,0.7829436422650676,0.5974700586171757,0.8520275297619048
rgb+dem+ep-ms+s-ms+sds-ms,multimodal_stack,0.6224882798960414,0.7015238429388672,0.6556241227636038,0.8825352319561072,0.702710588249411,0.8747209821428571,0.5268305041750047,0.6076649586584041,0.5473595973623243,0.7842704799316925,0.5905545587101059,0.845703125
rgb+dem+nhd+osm,multimodal_ca,0.5407501697806263,0.6717560283305906,0.5837041859582721,0.7957526439809373,0.6032670796871064,0.8150111607142857,0.4962942349527807,0.6779430135299914,0.5477821528189833,0.7043000320499395,0.5647785118650911,0.7927827380952381
rgb+dem+nhd+osm,multimodal_concat,0.5459503708646156,0.6403529090207106,0.5826762047142833,0.7831383604491294,0.5864766676313646,0.8233816964285714,0.3956221214765495,0.6932383022315808,0.4663690386272857,0.7651072788980334,0.5427208720772209,0.7016369047619048
rgb+dem+nhd+osm,multimodal_sa,0.6127371222475864,0.6795939625070975,0.6377523844862474,0.8795252541833557,0.6732501088815637,0.8563988095238095,0.4370130960915123,0.5425049870332607,0.4681709616250239,0.6553151818217765,0.5291961116720231,0.8031994047619048
rgb+dem+nhd+osm,multimodal_stack,0.6127817687969053,0.7180125569624323,0.6493442438545468,0.8691334561403927,0.6822497477797221,0.8563058035714286,0.4479849807627922,0.5367074827802479,0.4838066239562945,0.6968037978066641,0.5007752103723572,0.8236607142857143
rgb+nhd+osm+s-ms,multimodal_ca,0.5409364334823825,0.714781953928578,0.6020589774633969,0.8061622520593456,0.6302546943794939,0.8236607142857143,0.4730523251937425,0.6605715450148006,0.5429678422511957,0.7444603305216896,0.577558131166084,0.8219866071428571
rgb+nhd+osm+s-ms,multimodal_concat,0.5322784969818293,0.6410472580726775,0.579313119673675,0.807764702248796,0.6128440755029168,0.8341703869047619,0.4174197890110552,0.714488694675815,0.5100996675865035,0.7374637831450253,0.5440952508791065,0.7672991071428571
rgb+nhd+osm+s-ms,multimodal_sa,0.6202407810840599,0.7530204075797432,0.6620962091598493,0.8953339228656992,0.7049903017503325,0.8669084821428571,0.5353662851369559,0.6925650957436921,0.586815974885688,0.8555242621163938,0.6315793911496496,0.8543526785714286
rgb+nhd+osm+s-ms,multimodal_stack,0.5951479879749629,0.6614249162172128,0.6229587202926155,0.880987712753479,0.6879246681103783,0.8705357142857143,0.5516024902939421,0.6734339904383403,0.5987929191058619,0.8126242292163001,0.625298371241148,0.8567708333333334
