encoder,fusion,input,macro_precision,macro_recall,macro_f1,auroc,macro_map,micro_accuracy,macro_precision_cd,macro_recall_cd,macro_f1_cd,auroc_cd,macro_map_cd,micro_accuracy_cd
resnext50_32x4d,stack,dem+ep-ms+rgb+s-ms+sds-ms,0.6224882798960414,0.7015238429388672,0.6556241227636038,0.8825352319561072,0.702710588249411,0.8747209821428571,0.5268305041750047,0.6076649586584041,0.5473595973623243,0.7842704799316925,0.5905545587101059,0.845703125
vit_b_16,stack,dem+ep-ms+rgb+s-ms+sds-ms,0.6384988449073956,0.7141374821793737,0.6645737915951624,0.9084135895286992,0.7246324056997702,0.8796502976190477,0.5245286525186326,0.6824356146084665,0.5898340256292095,0.8040472486377723,0.6053104359757173,0.8507254464285714
resnext50_32x4d,stack,dem+nhd+osm+rgb,0.6127817687969053,0.7180125569624323,0.6493442438545468,0.8691334561403927,0.6822497477797221,0.8563058035714286,0.4479849807627922,0.5367074827802479,0.4838066239562945,0.6968037978066641,0.5007752103723572,0.8236607142857143
vit_b_16,stack,dem+nhd+osm+rgb,0.614272669621821,0.6541057307073489,0.6315249365154918,0.8936435130589561,0.6883307846051422,0.8674665178571429,0.438850950482934,0.5395701816275077,0.4646438238792784,0.6594007553143768,0.5139336856484091,0.8119419642857143
resnext50_32x4d,stack,dem+rgb,0.5978040076814422,0.7717029739181077,0.6415613444653953,0.8663427853588972,0.6655307977439492,0.8415178571428571,0.4515449263266425,0.6284556174751186,0.5186744286523645,0.6942764970190878,0.5160028742763568,0.7959449404761905
vit_b_16,stack,dem+rgb,0.6055346408897299,0.7608225499764129,0.6618177502730085,0.8894734798588478,0.6861521101297364,0.8540736607142857,0.4763445001998144,0.5477702719233831,0.506701925403733,0.6629754111928493,0.538808910548224,0.8407738095238095
resnext50_32x4d,stack,dem+s-ms,0.6549892183880914,0.6941167892190206,0.6706852352012005,0.905116317738104,0.7320726820581239,0.8832775297619048,0.5497721103818817,0.6693023437670169,0.5914519923072998,0.786419947515207,0.631064348923968,0.8470052083333334
vit_b_16,stack,dem+s-ms,0.6278343635422274,0.7148464522445666,0.6630744332778503,0.8931159082684698,0.7012500924476974,0.8726748511904762,0.4937251757695668,0.688771563596473,0.5614277828886514,0.8180130187952221,0.5815802421074309,0.8277529761904762
resnext50_32x4d,stack,ep-ms+prc-ms,0.6174380034892984,0.7207283537857797,0.6540217617016663,0.8935541146083387,0.706377256997013,0.8709077380952381,0.5461364747550139,0.4980151113219354,0.4960980528987237,0.7824254194165844,0.5576523290866315,0.8508184523809523
vit_b_16,stack,ep-ms+prc-ms,0.6150769911324375,0.7156567665516981,0.6553706943728528,0.9018145884509884,0.7005726170681156,0.8718377976190477,0.5145417212795286,0.7071564962488139,0.5898159956256117,0.8380149520727503,0.6296594579222219,0.8515625
resnext50_32x4d,stack,ep-ms+prc-ms+s-ms,0.645086913790433,0.7093121797588386,0.6697969639314456,0.8972828504155892,0.7128476312333778,0.8830915178571429,0.5548178384698919,0.6683062212058274,0.5909049767865803,0.7768789126379302,0.6480380113993329,0.8589099702380952
vit_b_16,stack,ep-ms+prc-ms+s-ms,0.659932793863143,0.691000301640207,0.6732412084927367,0.9094453176789336,0.7342233243509259,0.8885788690476191,0.6129885461394161,0.6863978520553794,0.6306750936554713,0.8190761804422798,0.6634850632762082,0.8743489583333334
resnext50_32x4d,stack,ep-ms+s-ms,0.6247222947272697,0.7173249459310949,0.6621561836105848,0.8820996071607409,0.7175061130463448,0.8784412202380952,0.5849016345187056,0.6083382473551414,0.595095450406531,0.8079418201430324,0.6208273627182657,0.8776971726190477
vit_b_16,stack,ep-ms+s-ms,0.6345566902940448,0.7602212598506968,0.677662521521903,0.8950587342093419,0.7185826882591505,0.8806733630952381,0.5298616820432835,0.7284454135493611,0.6045054750247889,0.8441282941838938,0.6683699467607837,0.8569568452380952
resnext50_32x4d,stack,ep-ms+s-ms+sds-ms,0.6227421390597228,0.6901666374505088,0.6443854926042224,0.8745383936108029,0.6982473490038752,0.8744419642857143,0.5531918969313994,0.6984408014840916,0.6078744226004392,0.8390943820297768,0.6468142347784863,0.8604910714285714
vit_b_16,stack,ep-ms+s-ms+sds-ms,0.6335284422626088,0.7223443481012479,0.6738759762563038,0.9014566866620672,0.7285057921756056,0.8784412202380952,0.5519576125536368,0.710611801983316,0.6174196949748689,0.825930436280278,0.6547172588622623,0.8607700892857143
resnext50_32x4d,stack,nhd+osm+rgb+s-ms,0.5951479879749629,0.6614249162172128,0.6229587202926155,0.880987712753479,0.6879246681103783,0.8705357142857143,0.5516024902939421,0.6734339904383403,0.5987929191058619,0.8126242292163001,0.625298371241148,0.8567708333333334
vit_b_16,stack,nhd+osm+rgb+s-ms,0.6218541272788943,0.7152231594345978,0.6587392972886782,0.8954031719015619,0.6967647756394432,0.8697916666666666,0.5255613282847114,0.6543645935579346,0.5643245348992874,0.7800210940058162,0.5568238063903169,0.8428199404761905
resnext50_32x4d,stack,prc-ms+s-ms,0.6408198942493036,0.723805498480665,0.674129491547607,0.8849120263301123,0.7074935863344577,0.8848586309523809,0.5466094618401686,0.7102994825730045,0.6125778200999681,0.8489098529578932,0.6566843958349434,0.8695126488095238
vit_b_16,stack,prc-ms+s-ms,0.6364376265171954,0.736470347497462,0.6684669831071118,0.8950529213684207,0.7098911203417325,0.8809523809523809,0.5299019835530233,0.6827854072357064,0.5935327946098975,0.8204089825447214,0.6264332940584277,0.8577008928571429
resnext50_32x4d,concat,dem+ep-ms+rgb+s-ms+sds-ms,0.434277844490507,0.8310857680436435,0.5119235932959428,0.5436024354109988,0.4768234535741039,0.5736607142857143,0.3463366224667804,0.7657422260175221,0.403254754187389,0.6467969362090054,0.4743313947546396,0.4949776785714285
vit_b_16,concat,dem+ep-ms+rgb+s-ms+sds-ms,0.6286987793064995,0.6835967501854086,0.6516603766433722,0.9228608563996848,0.7433559138813279,0.8852306547619048,0.495034186522282,0.6396268529851165,0.5516065455920531,0.8206150487934692,0.6199745666339052,0.8678385416666666
resnext50_32x4d,concat,dem+nhd+osm+rgb,0.5459503708646156,0.6403529090207106,0.5826762047142833,0.7831383604491294,0.5864766676313646,0.8233816964285714,0.3956221214765495,0.6932383022315808,0.4663690386272857,0.7651072788980334,0.5427208720772209,0.7016369047619048
vit_b_16,concat,dem+nhd+osm+rgb,0.6255975363436475,0.6988881475849994,0.6521700157747523,0.8994563242809193,0.6981245252603904,0.8726748511904762,0.4476721838855598,0.6184516421851896,0.512772176546547,0.7008630922367357,0.5458738224990803,0.8179873511904762
resnext50_32x4d,concat,dem+rgb,0.5616383299672533,0.633917698244752,0.594661371912415,0.7422149218129496,0.602249823781749,0.8351934523809523,0.5278485124914537,0.537375497236204,0.5245634638057243,0.7133980844680069,0.5342689962925854,0.8347284226190477
vit_b_16,concat,dem+rgb,0.6263181322439969,0.683732185981513,0.6510868117132044,0.9020824100479388,0.7068955852533746,0.8784412202380952,0.5039594606732272,0.4462648850656476,0.4460362696634811,0.6744929400454384,0.513283043795322,0.8325892857142857
resnext50_32x4d,concat,dem+s-ms,0.574967718152026,0.7416836478799518,0.6347475731582193,0.8669915067815543,0.6752354763163925,0.8483072916666666,0.4854217781514707,0.6697128306721621,0.5573290099366324,0.7350929879909762,0.5973265732404132,0.8411458333333334
vit_b_16,concat,dem+s-ms,0.6386331419832004,0.7069219811121051,0.6690842364489656,0.8920108582501255,0.7163153205323297,0.8759300595238095,0.4947945188477424,0.6439443635979104,0.5514746691559759,0.7466834759599636,0.5736135294017535,0.8545386904761905
resnext50_32x4d,concat,ep-ms+prc-ms,0.5679314573708697,0.6586545854690573,0.6071535181279896,0.8390467714147452,0.6504099060262981,0.8422619047619048,0.5132644204046859,0.6119520718978079,0.5462981620009706,0.7519620538333956,0.5796868998999729,0.8323102678571429
vit_b_16,concat,ep-ms+prc-ms,0.6443670673978017,0.7254056173063537,0.6798365913664922,0.9010417407003584,0.7307606901206964,0.876953125,0.5192367135607684,0.6663996550964545,0.5770083719624303,0.8110436321204656,0.614529709731575,0.8603980654761905
resnext50_32x4d,concat,ep-ms+prc-ms+s-ms,0.567995927481012,0.714014257188368,0.62847047298486,0.8486458824572175,0.6670911883319416,0.8439360119047619,0.502142383488611,0.6711699656263816,0.565660430289624,0.7749142443408719,0.6091328089019495,0.8373325892857143
vit_b_16,concat,ep-ms+prc-ms+s-ms,0.6290601100719424,0.7677700253071953,0.6746086809861508,0.907984306257854,0.7268877980620577,0.8785342261904762,0.509599787813235,0.6606500177045396,0.57037369416445,0.8060460838545292,0.6267517925866241,0.8630022321428571
resnext50_32x4d,concat,ep-ms+s-ms,0.5625368386361395,0.6625629142782777,0.6050069634698259,0.8110129731307417,0.6493538633755762,0.8427269345238095,0.4756949107650627,0.6699405050905387,0.535949047678873,0.7659144959079421,0.5617704672619617,0.8032924107142857
vit_b_16,concat,ep-ms+s-ms,0.6452883387611008,0.7086402739836392,0.6669573484083866,0.897615375559778,0.7190197747603861,0.8836495535714286,0.5347708006810376,0.633199475616593,0.5764438763017371,0.825712442284926,0.6130638266479228,0.8740699404761905
resnext50_32x4d,concat,ep-ms+s-ms+sds-ms,0.5756020392957354,0.732986189166347,0.6205729927222743,0.8377056117743782,0.656702094509541,0.8402157738095238,0.5167000081829792,0.703070662622981,0.5868077909865324,0.7978624629519547,0.6337296241276054,0.8440290178571429
vit_b_16,concat,ep-ms+s-ms+sds-ms,0.6456491407690207,0.7286262968054524,0.6742386762259446,0.9043830072700532,0.7303847364811017,0.8829985119047619,0.5515213069210207,0.7121673399416979,0.6156905424330724,0.8353663385375933,0.6400437393865749,0.8617001488095238
resnext50_32x4d,concat,nhd+osm+rgb+s-ms,0.5322784969818293,0.6410472580726775,0.579313119673675,0.807764702248796,0.6128440755029168,0.8341703869047619,0.4174197890110552,0.714488694675815,0.5100996675865035,0.7374637831450253,0.5440952508791065,0.7672991071428571
vit_b_16,concat,nhd+osm+rgb+s-ms,0.6495839033117617,0.683847491870737,0.6603222555397655,0.8940289702735146,0.7005081128244541,0.8822544642857143,0.5090570767673633,0.660093644907065,0.5619077129015032,0.7815015029225181,0.5774450657654775,0.8322172619047619
resnext50_32x4d,concat,prc-ms+s-ms,0.593618211191467,0.7476797267933388,0.6361485321139847,0.8744974355883487,0.6806625838262601,0.8510044642857143,0.4748762817325821,0.6597127209640413,0.5442322197797657,0.7686501296285112,0.5786726400847825,0.8209635416666666
vit_b_16,concat,prc-ms+s-ms,0.6432448627770737,0.7503985174475424,0.6870916113295412,0.9024174653746152,0.7202192407016914,0.8809523809523809,0.5469641501590893,0.6682978247383641,0.5979577879763929,0.8266372587447786,0.6206284313684378,0.8660714285714286
resnext50_32x4d,ca,dem+ep-ms+rgb+s-ms+sds-ms,0.6176423280962914,0.7020377904999345,0.6436954230134576,0.8809256006110403,0.6851187638328755,0.8617931547619048,0.5484275173131753,0.5943112956197864,0.5638692528975809,0.8118895591711155,0.6059983010094389,0.8607700892857143
vit_b_16,ca,dem+ep-ms+rgb+s-ms+sds-ms,0.6372219581302836,0.7503490627554459,0.672925400067011,0.9176449405834824,0.7186839909193867,0.8803013392857143,0.4899753287782677,0.6318393970799724,0.540093259227067,0.7560829187042796,0.5730847783515935,0.8416108630952381
resnext50_32x4d,ca,dem+nhd+osm+rgb,0.5407501697806263,0.6717560283305906,0.5837041859582721,0.7957526439809373,0.6032670796871064,0.8150111607142857,0.4962942349527807,0.6779430135299914,0.5477821528189833,0.7043000320499395,0.5647785118650911,0.7927827380952381
vit_b_16,ca,dem+nhd+osm+rgb,0.6341691213646341,0.7431237776754387,0.6729876183416333,0.8962971115472403,0.6970370690613363,0.865234375,0.4736121959433014,0.51192007352981,0.4649304487234097,0.7207502641473129,0.5234480521060851,0.8420758928571429
resnext50_32x4d,ca,dem+rgb,0.5455765071012223,0.6404707980919859,0.586352732447312,0.8215828628808534,0.6207369030912105,0.8340773809523809,0.4879273380415308,0.623014469888478,0.4842273931227379,0.7210642338031094,0.5446986436060135,0.7458147321428571
vit_b_16,ca,dem+rgb,0.6280546484090274,0.7383460379819621,0.6693533290250275,0.9062253169468956,0.7106795201688307,0.8693266369047619,0.441496727408468,0.5032489319260864,0.4249672142210139,0.7154889476639303,0.5052047702565791,0.7953869047619048
resnext50_32x4d,ca,dem+s-ms,0.6013250653510825,0.7041864200331772,0.6328918751474966,0.8726832148537625,0.6698683715601826,0.8523065476190477,0.4905481256427516,0.6279903151994353,0.5431781898547087,0.7664631495644068,0.5743315619903909,0.8361235119047619
vit_b_16,ca,dem+s-ms,0.6208074412515366,0.6771495810092258,0.6454288402585975,0.9001543567031537,0.6969753798405186,0.8733258928571429,0.4944440234357383,0.6540913570827346,0.5495465481531111,0.733556649944257,0.579927249772231,0.8462611607142857
resnext50_32x4d,ca,ep-ms+prc-ms,0.5490891897842011,0.73760675480187,0.6051575684160013,0.8358745306290825,0.6454712490889143,0.8213355654761905,0.5081591454888605,0.6511368799587408,0.561993153657629,0.7804316894010815,0.5796975523183854,0.8380766369047619
vit_b_16,ca,ep-ms+prc-ms,0.6235098426670029,0.7112900404430081,0.6605656715497313,0.8962562020470661,0.6989466506980909,0.8737909226190477,0.5120634164220733,0.650964784746586,0.5663515447498522,0.791581899760789,0.6070790868634235,0.8539806547619048
resnext50_32x4d,ca,ep-ms+prc-ms+s-ms,0.5592848640642576,0.6730504061320722,0.6049177302508942,0.8470830755491995,0.6573630429776133,0.8351934523809523,0.5444031074000047,0.6526413737589988,0.5754539438221827,0.8042897782739883,0.6271652019097129,0.8388206845238095
vit_b_16,ca,ep-ms+prc-ms+s-ms,0.6267849242520231,0.7464954660844632,0.6707701593307257,0.9086270337418396,0.708879438408453,0.8747209821428571,0.4964473790985165,0.6592739083712199,0.5593788541936727,0.7815167061134998,0.5965078356296976,0.8494233630952381
resnext50_32x4d,ca,ep-ms+s-ms,0.5537624142159484,0.7404394122217485,0.612901339966157,0.8369688314141842,0.6418032484082135,0.8298921130952381,0.4938640128721001,0.6996755110013922,0.5642915935628884,0.7941066370444083,0.5963078372423934,0.8318452380952381
vit_b_16,ca,ep-ms+s-ms,0.6379545253055257,0.6842073153935896,0.6584183515019434,0.8859935133061511,0.6943389923459847,0.8756510416666666,0.5235719464585059,0.6462253530812863,0.5689211752721919,0.8163816243401911,0.6132538283138412,0.8711867559523809
resnext50_32x4d,ca,ep-ms+s-ms+sds-ms,0.5716291677140822,0.6631675096522438,0.6064607956767815,0.8502425291276455,0.6505093471324662,0.8469122023809523,0.5557470545626801,0.6793863059759256,0.6020940385515778,0.8206143614448488,0.6344042748223718,0.8565848214285714
vit_b_16,ca,ep-ms+s-ms+sds-ms,0.6333428005622083,0.719385369625547,0.6695452619387666,0.9051778412870242,0.7135496840215572,0.8765811011904762,0.5346075059789752,0.6952055548698296,0.5981355262280296,0.8161844244392755,0.6144087251703602,0.8521205357142857
resnext50_32x4d,ca,nhd+osm+rgb+s-ms,0.5409364334823825,0.714781953928578,0.6020589774633969,0.8061622520593456,0.6302546943794939,0.8236607142857143,0.4730523251937425,0.6605715450148006,0.5429678422511957,0.7444603305216896,0.577558131166084,0.8219866071428571
vit_b_16,ca,nhd+osm+rgb+s-ms,0.6432176289146125,0.6806822435480743,0.6595388859015957,0.888219008198843,0.6983016754306306,0.8803013392857143,0.5609128970768181,0.5048034405465556,0.5095216289331572,0.7769503737081372,0.5428046574885494,0.8275669642857143
resnext50_32x4d,ca,prc-ms+s-ms,0.581701823570282,0.7167893628678961,0.6324428649055859,0.8627466341854397,0.6650140573822677,0.8523065476190477,0.4893726014304267,0.6679322121568528,0.5585997663050717,0.8097291045592792,0.5936106510799817,0.8411458333333334
vit_b_16,ca,prc-ms+s-ms,0.6164465702614671,0.7730778592317022,0.6578047407204325,0.8933565075487833,0.6978770537327088,0.8674665178571429,0.5189903149334281,0.6434799456928018,0.5705575360271294,0.7841294584365018,0.5937794010546282,0.8577938988095238
