encoder,input,macro_precision,macro_recall,macro_f1,auroc,macro_map,micro_accuracy,macro_precision_cd,macro_recall_cd,macro_f1_cd,auroc_cd,macro_map_cd,micro_accuracy_cd
resnext50_32x4d,dem,0.666062569211739,0.718795015042543,0.6865955781942146,0.902980369109422,0.7357147160433531,0.8771391369047619,0.4743631940011273,0.5848742403876864,0.507905348857958,0.7525659475624246,0.5648016176721544,0.8372395833333334
vit_b_16,dem,0.6389819593918099,0.739519809912399,0.673679072260308,0.9012725789106416,0.7202185158279305,0.8720238095238095,0.4392226558448788,0.6491793391845675,0.5165277681064573,0.7514555181427296,0.5794861829814353,0.810546875
resnext50_32x4d,ep-101,0.6098584485670024,0.6817474719813557,0.6398223956112628,0.8492244083893977,0.682125525551284,0.8684895833333334,0.4675704663543261,0.5310695187576855,0.4765097341864982,0.725126099140985,0.5045955803904681,0.8216145833333334
vit_b_16,ep-101,0.5793336074581186,0.6727068389005947,0.6174061340071386,0.8657722684004575,0.670825416672174,0.8450520833333334,0.4722973692277462,0.6303005681501624,0.5292292700124077,0.7879260821133391,0.5614849033996114,0.8045944940476191
resnext50_32x4d,ep-11,0.6144647574769383,0.6883063338443044,0.6443692763325025,0.8816640719219874,0.7044844383107887,0.8683965773809523,0.4229647737082862,0.4091045119352711,0.4027763624882197,0.6591121495837188,0.4712139479232532,0.826171875
vit_b_16,ep-11,0.5987584214254847,0.6653985961763007,0.6221690938096918,0.8708678221594984,0.6760422554859716,0.8518415178571429,0.4986269635244477,0.6418161877062499,0.5554435257978062,0.7989088723885356,0.565826937323421,0.8279389880952381
resnext50_32x4d,ep-201,0.6137479585991815,0.7091879374405349,0.6389593006686809,0.8761706687947088,0.6975326409810786,0.8624441964285714,0.532460774883271,0.535215830335941,0.5140888644509306,0.7888083024163324,0.55398220249219,0.8474702380952381
vit_b_16,ep-201,0.5865107633809982,0.6886997420984408,0.6254242832670206,0.8723810734317244,0.6659230264876482,0.8468191964285714,0.4599421981926767,0.6481132057164943,0.524449970932747,0.7920891501339172,0.5659420840379139,0.8060825892857143
resnext50_32x4d,ep-21,0.6163869410690868,0.6851087398291503,0.6399435602513152,0.882305200255438,0.7133499351423428,0.8690476190476191,0.4427542117748494,0.3804480107077995,0.402101570715339,0.6759052691567103,0.4741152644267745,0.8302641369047619
vit_b_16,ep-21,0.5842608116175,0.6964709644347558,0.6260370982879383,0.8638044042601621,0.6718334063508452,0.8479352678571429,0.4776053231994481,0.6729942722510128,0.5492024381672503,0.7692086429640962,0.5629753245084961,0.8155691964285714
resnext50_32x4d,ep-51,0.6374973080654929,0.7027380336321208,0.6537215381595287,0.8852533569700015,0.7030103869929241,0.8682105654761905,0.4413141936208308,0.4016824752767856,0.4016161731038989,0.7434294650288662,0.4839408152603364,0.8408668154761905
vit_b_16,ep-51,0.6143030676289989,0.7244108234021748,0.6575402069567484,0.8678072908314471,0.671385405066833,0.8530505952380952,0.4305026091191988,0.6745380428725204,0.5159984834710414,0.767763712395295,0.5489848502822346,0.7883184523809523
resnext50_32x4d,ep-5,0.6227629751624003,0.6699572009047062,0.6429403629920147,0.8743417621294345,0.6971189371226307,0.8726748511904762,0.4953785675555048,0.4152506213486117,0.4436333940862703,0.6740477483369095,0.4976975877831384,0.8328683035714286
vit_b_16,ep-5,0.6602520299951339,0.6907864137973083,0.6378572862226753,0.875265728746057,0.6800716445609359,0.8560267857142857,0.4882076780403252,0.6150351462518957,0.5405963429921098,0.7390298061962788,0.5543939324867867,0.8345424107142857
resnext50_32x4d,nhd,0.4182522592678818,0.7411377139156432,0.5202003664900322,0.6514493064146226,0.4805043791730882,0.6800595238095238,0.3466072493042809,0.7081584463892349,0.4366652608746225,0.5889229079569821,0.374806697134478,0.6345796130952381
vit_b_16,nhd,0.4191123331287217,0.7670726020328759,0.5124654610828331,0.6356175748628764,0.4653906367367878,0.66015625,0.3622044892917205,0.7249169312522674,0.437843311664598,0.5692696302572797,0.3769769483998072,0.6134672619047619
resnext50_32x4d,nir,0.5660965384904876,0.6826786564106071,0.6111479084894579,0.829002781412621,0.646597322251648,0.833984375,0.4920563763085693,0.5860666304067765,0.5196864637907472,0.7293428920180498,0.5340519744108485,0.7922247023809523
vit_b_16,nir,0.5488589416370544,0.7130294699248916,0.6059078653102766,0.8009341877404605,0.6156416508566988,0.8255208333333334,0.467353306532732,0.5096580705231959,0.4805627165647391,0.680946525625294,0.4642060801807984,0.8142671130952381
resnext50_32x4d,osm,0.4540065536078333,0.837417786965584,0.5401407514499709,0.6750949295970614,0.4950431047365832,0.671875,0.3778274955625451,0.8290594450047813,0.4660743010405649,0.6134725299139825,0.4107804222516563,0.5799851190476191
vit_b_16,osm,0.4486298097656546,0.8407591991003251,0.5388760827858657,0.6812878528732897,0.487990279694487,0.6756882440476191,0.3730789023568744,0.8200651842977053,0.4579672463664403,0.6126571947579222,0.4013918017872901,0.5698474702380952
resnext50_32x4d,plc-100,0.481481565678124,0.7335297505697878,0.5621066388056354,0.7556306190754831,0.5456722549105734,0.7486049107142857,0.3778799836040907,0.6229928706515536,0.4497736984059234,0.6636918658549261,0.4047917823129247,0.7088913690476191
vit_b_16,plc-100,0.4723332530966879,0.7155169593107207,0.5579986916004513,0.747220946610553,0.5410711436683574,0.7414434523809523,0.3632560399175703,0.6194347719040919,0.4349772728376108,0.6441395343344255,0.387982556623923,0.6936383928571429
resnext50_32x4d,plc-10,0.5554151917537967,0.6905725800726182,0.6102882373975224,0.8257236394215466,0.6576113853982886,0.8302641369047619,0.4531762857988462,0.7018325211056828,0.5362847994665098,0.7126257770768795,0.5323738557436053,0.7819010416666666
vit_b_16,plc-10,0.5620701222658997,0.6717612686799409,0.6065489020170295,0.8481593941058971,0.6539162330984291,0.8346354166666666,0.4628034517286878,0.665868783919153,0.5184123736538725,0.7573280243180879,0.5203377125162093,0.7795758928571429
resnext50_32x4d,plc-200,0.4236173186231259,0.7806416149388872,0.5231964733789847,0.6929243696503266,0.4883112356643461,0.6784784226190477,0.3424483457150781,0.7261910880202358,0.4300292021414337,0.6263254577934908,0.3815392528129585,0.6190476190476191
vit_b_16,plc-200,0.4285132859190484,0.7115155802365265,0.519734406242543,0.6456867584686673,0.4644835246585139,0.7019159226190477,0.3535490380786067,0.68474611016594,0.4403459397726778,0.6140807240794377,0.3720727789578069,0.6439732142857143
resnext50_32x4d,plc-20,0.5446914761928938,0.6882082704625284,0.605017966053324,0.8142169381675385,0.6350406241675232,0.8123139880952381,0.4308763320741359,0.6228779220529412,0.5006138728823214,0.7282061927501966,0.5112464654870691,0.7723214285714286
vit_b_16,plc-20,0.554013882580814,0.6867124253887409,0.6041990354165755,0.8284573058444076,0.6354085760481134,0.8259858630952381,0.4338648798008459,0.590779732371698,0.4854133179546103,0.7461596540833387,0.491313767285364,0.7621837797619048
resnext50_32x4d,plc-50,0.5584608250353348,0.6444835055240948,0.5884305558037713,0.7938389927023939,0.5929329512766982,0.8031063988095238,0.4188620528780366,0.5369988784935023,0.4453639004652193,0.6562015911835911,0.4505968812088926,0.7566964285714286
vit_b_16,plc-50,0.5166416361521982,0.692762739852205,0.5796793907604013,0.7882801189635673,0.5837462830087405,0.7847842261904762,0.4057867783641186,0.5734911876073578,0.4574934574354285,0.6977383477061999,0.4425765121426962,0.7374441964285714
resnext50_32x4d,plc-5,0.5593232458362313,0.7525981654581467,0.6206212857056228,0.8665240545054618,0.6817296574752695,0.8331473214285714,0.4642414737016195,0.7441193628108485,0.5517133073189493,0.7865522986306045,0.5816132223677608,0.8056175595238095
vit_b_16,plc-5,0.5744873016286122,0.7459376257166609,0.6272617240780933,0.8566702215778278,0.6620492075334107,0.8302641369047619,0.4535015784888882,0.6862877255611922,0.5352131497826622,0.7617764020951098,0.5342252745266819,0.7907366071428571
resnext50_32x4d,prc-100,0.5985894613249568,0.7495400507681493,0.6330796705015829,0.8415865599829288,0.6541057612677229,0.82421875,0.4811819998091997,0.7116250988898687,0.5437083921143394,0.7618541902497873,0.5342709811362643,0.7946428571428571
vit_b_16,prc-100,0.544678797306345,0.8173668426527231,0.6210764612738542,0.8462450015824053,0.636302530820989,0.8091517857142857,0.4270691124056566,0.6878520597204367,0.5094341430014296,0.7489080725661506,0.5160703204955401,0.7630208333333334
resnext50_32x4d,prc-10,0.6298324973069322,0.6563887979735415,0.6384038805615809,0.8603139859924634,0.6813092960681306,0.8723028273809523,0.5409292951269484,0.673528184851701,0.5916782903651382,0.797459506928328,0.6224620558139401,0.8573288690476191
vit_b_16,prc-10,0.5970902168550777,0.704740911740554,0.6369163196741033,0.861234955550487,0.6668141727192939,0.8538876488095238,0.4945888841371377,0.6446511830309669,0.5548588682355181,0.7766569359708493,0.572157200060506,0.8402157738095238
resnext50_32x4d,prc-200,0.5671508058738571,0.7365864391385909,0.6255992485077272,0.8393745273986726,0.6188291394326398,0.8158482142857143,0.4537703062186135,0.6480895018674152,0.5175983539470579,0.7301741365323068,0.5162760010697209,0.7948288690476191
vit_b_16,prc-200,0.5482261591374636,0.7446539525029697,0.6212506297925725,0.8359547077759281,0.6054735782593814,0.8111979166666666,0.444241302144309,0.6584332427294329,0.5134845035461978,0.7163304765405817,0.5125990474884025,0.7832961309523809
resnext50_32x4d,prc-20,0.597384402789689,0.6889150133840124,0.6235263881359716,0.8621477115410798,0.6704334603735193,0.8547247023809523,0.5135503039126096,0.6543534240530998,0.5617633040197617,0.7903058825262722,0.6032450643041686,0.8424479166666666
vit_b_16,prc-20,0.5691849008181709,0.7349169565796813,0.6264597032746714,0.8661337196477782,0.6626037970851523,0.8416108630952381,0.463800726876364,0.6573293089214697,0.5368721680513651,0.7765527038819311,0.5514114195260768,0.8145461309523809
resnext50_32x4d,prc-50,0.5729563735597074,0.7922181917478698,0.6285905026006817,0.8545458237698054,0.6595245419576281,0.8174293154761905,0.4814341462903685,0.7067656839098423,0.5500128853412181,0.7362231832399926,0.5618265073852253,0.7901785714285714
vit_b_16,prc-50,0.5745768080884112,0.7894962811356958,0.6142969888283297,0.8561191151528567,0.6462986654842169,0.8085007440476191,0.4798456512203977,0.6932710116196088,0.5455358619774384,0.7709136521477841,0.5467618882859601,0.7836681547619048
resnext50_32x4d,prc-5,0.6063896297999829,0.7017566054453356,0.6429508209511131,0.8618347049373071,0.6849319796310497,0.8624441964285714,0.5036330561408414,0.7463653122303784,0.5866883080566903,0.8245070630734581,0.6246962236921336,0.8247767857142857
vit_b_16,prc-5,0.5955584187362304,0.6690518363976932,0.6183282704722515,0.8642656913828696,0.6599248902656119,0.8544456845238095,0.5223151413972045,0.6376450549839184,0.5684238385065895,0.7655554062107834,0.5810139021070508,0.8517485119047619
resnext50_32x4d,rgb,0.5694921094776714,0.6540595537007187,0.6077001224376037,0.8331522000988512,0.6526538736938508,0.8532366071428571,0.4356419889683144,0.6145489779466132,0.5038042664276721,0.6955568303718758,0.4828016360462764,0.7956659226190477
vit_b_16,rgb,0.5782870421244163,0.6679897374886445,0.5993568204756663,0.8325248575629661,0.6379834774487427,0.8360305059523809,0.423131984903811,0.6488492472561246,0.472645420109433,0.6546797049610904,0.4831574926600141,0.6918712797619048
resnext50_32x4d,s-100,0.551728282597614,0.7491583621056331,0.6146131338120712,0.8238827871234056,0.6318009580984268,0.8080357142857143,0.4542083841295888,0.6838004133470266,0.5277154829028559,0.7213865254936003,0.5295588959525371,0.7919456845238095
vit_b_16,s-100,0.5311142393776139,0.7531448440996465,0.6067797806176508,0.829577960978859,0.6231379915410218,0.8000372023809523,0.464916534487281,0.6860768656655388,0.5369393052588408,0.755236790437831,0.5346213779028027,0.7889694940476191
resnext50_32x4d,s-10,0.6670508564546628,0.6983300818066461,0.6740166687839898,0.8881704990522803,0.715917557430191,0.8775111607142857,0.5359622123187431,0.6958677212030107,0.5986327701127684,0.7656237898765815,0.6511786652244705,0.8606770833333334
vit_b_16,s-10,0.622496038367377,0.694035667785476,0.6486755303019919,0.866692765025013,0.6828859776537372,0.8669084821428571,0.5109264261165446,0.6620476982293354,0.5722990972017692,0.791345195567432,0.5835714036357736,0.8458891369047619
resnext50_32x4d,s-200,0.519155382898239,0.8138554073542473,0.6029368709333885,0.8212685831262212,0.6081855851908141,0.7900855654761905,0.4542831236730819,0.6900684237788123,0.5323484072183055,0.692816852067093,0.518636701156253,0.783203125
vit_b_16,s-200,0.5120102640949357,0.7530916200085959,0.591096270089059,0.7954739618209465,0.5759475098432257,0.7856212797619048,0.4538545786313497,0.6656129398607247,0.5220744026913394,0.6895180930855125,0.5165367402404074,0.7822730654761905
resnext50_32x4d,s-20,0.6340439086842181,0.6507235738162966,0.6399925137948222,0.8706398063245928,0.6850395873217291,0.8716517857142857,0.5184523088151257,0.583637752154034,0.5411548457684737,0.7965092803078117,0.5803745337829661,0.8587239583333334
vit_b_16,s-20,0.590913756803313,0.7224203526338809,0.6411940843828309,0.8680266524619721,0.6860535520343035,0.8563988095238095,0.4975202442109411,0.6639521494913023,0.5604200726685374,0.766225774856933,0.5682637941587286,0.8255208333333334
resnext50_32x4d,s-50,0.5767402337464931,0.7138261120699093,0.6270958866896098,0.8442024590288665,0.660036171401316,0.8385416666666666,0.5121574579045847,0.6743499462091612,0.5691953147958092,0.8147688708084776,0.5746518453261482,0.8192894345238095
vit_b_16,s-50,0.5928474634447394,0.7606683743597821,0.6510572156993006,0.8442545104542033,0.6715811582121741,0.8280319940476191,0.5027971572483689,0.6695277855937353,0.555801841591053,0.777095329145155,0.5611521659256792,0.8017113095238095
resnext50_32x4d,s-5,0.643111123667916,0.6891197939436511,0.6551594257306638,0.8754855204939951,0.6907863907190226,0.8803943452380952,0.5494967727401489,0.6986588654896119,0.5982727813615144,0.8091085606266374,0.635837956286988,0.8598400297619048
vit_b_16,s-5,0.5904264986137046,0.7662886776917256,0.6462544286701386,0.8674780838676265,0.6726343665879061,0.8550037202380952,0.5273757822602859,0.7436261367943903,0.6105137065063556,0.8153910872643039,0.6293687282577974,0.8445870535714286
resnext50_32x4d,sds-101,0.5753163647959031,0.6791082474512212,0.6108258786290083,0.8538662706876511,0.6557374451543554,0.8441220238095238,0.48121343896393,0.6608147449014353,0.5510365063957774,0.7246547479705238,0.5643885243655934,0.8280319940476191
vit_b_16,sds-101,0.5493333359027198,0.7119894071799251,0.6039255473447531,0.8008546498371486,0.6194824561550004,0.8088727678571429,0.4601128048206338,0.6939779997359009,0.5423244227876471,0.7335149133196852,0.5375524861732192,0.7919456845238095
resnext50_32x4d,sds-11,0.5871579682823805,0.6839044128858998,0.6248897307950838,0.8448889499584784,0.65580320217412,0.8540736607142857,0.4926866527515708,0.6916704698356932,0.5662750180900092,0.7655380574832421,0.5904860523983712,0.8334263392857143
vit_b_16,sds-11,0.5889214402871916,0.6916003682655951,0.6313068203253056,0.8431455000893894,0.647985605637417,0.8470982142857143,0.4972836400327217,0.6788577797080552,0.5676083190085738,0.7769034409424059,0.5863107070386927,0.8341703869047619
resnext50_32x4d,sds-201,0.5653920177656423,0.7035423226382541,0.6174559014086906,0.8484081313564403,0.6566251464585341,0.8383556547619048,0.4894644375868925,0.7243293603826222,0.5737165987123107,0.7465928726027252,0.5991479859186247,0.8171502976190477
vit_b_16,sds-201,0.4730091793352081,0.722815991292994,0.5519576171905923,0.7463580237737489,0.5427818051009631,0.7502790178571429,0.4345441320077216,0.7265432726476618,0.5270288838834151,0.7282167863701582,0.5105071910503682,0.7569754464285714
resnext50_32x4d,sds-21,0.556269176608092,0.6600873608524916,0.5995281566138457,0.8491996673849594,0.652266694432729,0.8434709821428571,0.4842310120754128,0.7317025753939325,0.5709366009289949,0.7666776608751439,0.5855530334560809,0.8266369047619048
vit_b_16,sds-21,0.5460514127748699,0.6894737140928158,0.6009324993249955,0.8277129817638967,0.6350451786983115,0.833984375,0.4818091405456243,0.6930070095958787,0.5617747533049381,0.7684518635694166,0.5729760804198499,0.8231956845238095
resnext50_32x4d,sds-51,0.5989689752743892,0.6987995197219175,0.6257484952459363,0.8707378231145493,0.6639279351105554,0.8500744047619048,0.5143973834343935,0.6874030895654484,0.5762662430752387,0.7961789116572301,0.5931071423563505,0.8390066964285714
vit_b_16,sds-51,0.5265240918363668,0.7228578408496238,0.5847658041454353,0.8179623143360016,0.6269095429870232,0.8064546130952381,0.4397451903331885,0.7040265586335097,0.5196236331421707,0.7384634742549637,0.5272770607209876,0.7734375
resnext50_32x4d,sds-5,0.5917367148766903,0.6845428631404857,0.6316866409975022,0.8637513252747003,0.6809510045288826,0.8606770833333334,0.5045375058251531,0.7144858229181098,0.585829885636052,0.8346669327120227,0.6041075008113657,0.8420758928571429
vit_b_16,sds-5,0.5610106305754449,0.7243029346445253,0.6088832552175424,0.8368887165875044,0.6492236305588169,0.8237537202380952,0.4959197533255789,0.7085756388367992,0.576358421031615,0.7810199375881227,0.5984448845480909,0.8253348214285714
