split,encoder,input,fusion,macro_precision,macro_recall,macro_f1,auroc,macro_map,micro_accuracy,macro_precision_cd,macro_recall_cd,macro_f1_cd,auroc_cd,macro_map_cd,micro_accuracy_cd
split_seed_42,resnext50_32x4d,s-10,none,0.6339769732336834,0.7031771877982159,0.6558240975747501,0.879000199211119,0.6838062071067289,0.8704427083333334,0.5355521549661909,0.6564688463489322,0.5851958098800534,0.8246960462908547,0.6092496173036842,0.8537946428571429
split_seed_90,resnext50_32x4d,s-10,none,0.6427990638328763,0.7218991652116232,0.659824283400602,0.889508307844469,0.7078397859322478,0.8748139880952381,0.5537600952536075,0.6421920048020987,0.590401742755402,0.7955795696694379,0.6222743870563964,0.8727678571428571
split_seed_128,resnext50_32x4d,s-10,none,0.6273285933515146,0.7634452674811596,0.668015881958271,0.8837443897359494,0.7135463571099913,0.8696056547619048,0.5532125551640729,0.7014587107132657,0.6145279357506397,0.8036841883717694,0.6405312981848604,0.8558407738095238
split_seed_256,resnext50_32x4d,s-10,none,0.6261922648912938,0.7183591283372809,0.6570288746721534,0.8835295640141229,0.6979830315434775,0.8732328869047619,0.5538696190803637,0.6762334447289036,0.5992815974013228,0.8002034671943379,0.616687784960995,0.8594680059523809
split_seed_42,resnext50_32x4d,prc-ms+s-ms,stacking,0.667842142644593,0.6811038491305123,0.6705841565708096,0.8972309099200826,0.7026023532613371,0.8890438988095238,0.5694699203219764,0.680646156396385,0.6153909642984717,0.8495310304271825,0.6487780998223461,0.8678385416666666
split_seed_90,resnext50_32x4d,prc-ms+s-ms,stacking,0.636568903431133,0.7884234040962687,0.6657196183863878,0.9047954813076392,0.7176032748305491,0.8697916666666666,0.5314408911791706,0.7629690628360144,0.5977784429643206,0.839540357898839,0.6629201591900332,0.8429129464285714
split_seed_128,resnext50_32x4d,prc-ms+s-ms,stacking,0.6580014684399834,0.7332028012588195,0.6813428418529793,0.8925830817328338,0.723961461551536,0.8856026785714286,0.5514762188887055,0.6985923735091868,0.6073939944303686,0.8154260841047696,0.6420869866747714,0.8662574404761905
split_seed_256,resnext50_32x4d,prc-ms+s-ms,stacking,0.6399564680375065,0.7507363702964993,0.6716926422232161,0.8943150177153557,0.707985756340501,0.8753720238095238,0.5521389120691191,0.751116672234538,0.6196553354520162,0.8479991113701791,0.6615120583451188,0.8628162202380952
split_seed_42,resnext50_32x4d,prc-ms+s-ms,cross_attention,0.6114410848826016,0.6435956538927992,0.6246910034836424,0.8788346862126614,0.6690867855304289,0.8713727678571429,0.5478569460825747,0.6399865006847376,0.5783885621854404,0.8327777618242909,0.6210799678699505,0.8635602678571429
split_seed_90,resnext50_32x4d,prc-ms+s-ms,cross_attention,0.6468381234184041,0.6714441484438606,0.6563373217786534,0.8983917292371884,0.6959768438221499,0.8756510416666666,0.5109992419940154,0.6174732338881285,0.5556995802864481,0.751596957539265,0.5916901049934401,0.8556547619047619
split_seed_128,resnext50_32x4d,prc-ms+s-ms,cross_attention,0.6113930260689238,0.6944277041551794,0.647830170213037,0.8838973545359019,0.6826419017599598,0.8692336309523809,0.5117643401903578,0.6569192900008282,0.5638894509153685,0.7770521796252889,0.6002196096219483,0.8456101190476191
split_seed_256,resnext50_32x4d,prc-ms+s-ms,cross_attention,0.5844664864657059,0.7363322115662402,0.6394552951379008,0.8758641146528959,0.6604986605518023,0.8512834821428571,0.5180744127703989,0.6947782091523366,0.5857521848326351,0.8182155020984491,0.609432063393551,0.845703125
split_seed_42,resnext50_32x4d,prc-ms+s-ms,concat,0.5891104079732582,0.7029331492657003,0.632279197108412,0.8867593008623988,0.6715595330195764,0.8600260416666666,0.4852846003252298,0.6436642654184412,0.5470221824905718,0.7601029210802791,0.587051371383901,0.8358444940476191
split_seed_90,resnext50_32x4d,prc-ms+s-ms,concat,0.6189688817194333,0.757322861397185,0.6621200914143912,0.8953369509217831,0.698762656506891,0.8600260416666666,0.4918041669752503,0.6156971508100072,0.538762496704989,0.7851241630800473,0.5718237342148206,0.8324032738095238
split_seed_128,resnext50_32x4d,prc-ms+s-ms,concat,0.6241048558944634,0.672782681746621,0.6456065901903459,0.8612059570141698,0.6766187852742842,0.8686755952380952,0.5115723018571157,0.64395979021867,0.5648104742870209,0.7710793278933578,0.6055779345860036,0.8450520833333334
split_seed_256,resnext50_32x4d,prc-ms+s-ms,concat,0.6137670460300958,0.6841128235153346,0.6417122371022008,0.858600398423197,0.67500452664688,0.8603980654761905,0.4698354798218681,0.6425030431996818,0.5330095640423416,0.7221728192964266,0.5356667850204401,0.8109188988095238
split_seed_42,resnext50_32x4d,prc-ms,stacking,0.7115040510997366,0.671338215465806,0.6646717549208567,0.902623476396754,0.713697353082195,0.884765625,0.56438503897685,0.686653404785995,0.6111881784922072,0.820241167238788,0.6319918862214177,0.8588169642857143
split_seed_90,resnext50_32x4d,prc-ms,stacking,0.6432618573103067,0.6939737720641502,0.662777482328491,0.9065072066683394,0.7186235397547642,0.8826264880952381,0.5196943823405863,0.6594126489955847,0.5776607546906399,0.7907779181097256,0.6121686730663249,0.8633742559523809
split_seed_128,resnext50_32x4d,prc-ms,stacking,0.6529569575794972,0.6930187335422783,0.6703456951931417,0.9024143709450472,0.7181871310497997,0.8862537202380952,0.5737339156683612,0.6789125606282685,0.6070802506057353,0.8190972346752851,0.638813719678848,0.8680245535714286
split_seed_256,resnext50_32x4d,prc-ms,stacking,0.6508730398794356,0.649177320361219,0.6432349444743927,0.8994632154911096,0.7074353079329027,0.8835565476190477,0.5504647562428104,0.6841416839722623,0.5968589571066235,0.7872791119333448,0.6342817973890068,0.8636532738095238
split_seed_42,resnext50_32x4d,prc-ms,cross_attention,0.603652915192255,0.6469629519611593,0.6191608734753864,0.8622988488953601,0.6662407945903206,0.8591889880952381,0.4960795100679576,0.6243338789050126,0.5425500412849356,0.7604876891674578,0.566436107950061,0.8314732142857143
split_seed_90,resnext50_32x4d,prc-ms,cross_attention,0.6032267784398085,0.6967261764599187,0.6353364656535053,0.8553295651156244,0.6606655432225611,0.8504464285714286,0.6574913932291151,0.6419345913758383,0.5775881257575798,0.7625861356033207,0.5795069348052216,0.8450520833333334
split_seed_128,resnext50_32x4d,prc-ms,cross_attention,0.6337574019075972,0.6895198146090326,0.6489618108540727,0.8808015766281798,0.6839161582344758,0.8710007440476191,0.5116235438266595,0.6197277437938205,0.5546207172891833,0.8092238508943834,0.5988335995991727,0.8533296130952381
split_seed_256,resnext50_32x4d,prc-ms,cross_attention,0.5850277197600378,0.7272324215178524,0.6354931509902508,0.851544644082546,0.6555228800857928,0.8319382440476191,0.4751872713379773,0.6286655256819412,0.5265843906285146,0.7697105884872512,0.5638196322361221,0.8207775297619048
split_seed_42,resnext50_32x4d,prc-ms,concat,0.5896225418948724,0.6826014944027171,0.6165970543754032,0.8397149850892094,0.6491923149523732,0.8404947916666666,0.4777323439903136,0.5928766649630554,0.5145396385600359,0.7219580009876851,0.5587650837184465,0.8098958333333334
split_seed_90,resnext50_32x4d,prc-ms,concat,0.5812106808984483,0.6852228480091603,0.61370451422371,0.8269143800141283,0.6424435991539009,0.8400297619047619,0.439634071327868,0.6195721923010685,0.5057333546066219,0.7317128022393922,0.513464131379285,0.7941778273809523
split_seed_128,resnext50_32x4d,prc-ms,concat,0.5416383266183308,0.6460118202267385,0.5755861540560534,0.8205235415802811,0.6260604450937117,0.8188244047619048,0.4024069878217315,0.5953005352661018,0.4690910424333439,0.6682177905055303,0.4620382407659071,0.7587425595238095
split_seed_256,resnext50_32x4d,prc-ms,concat,0.5742463316110467,0.6796253637699167,0.6156502412965773,0.8017348421141196,0.6412715432734272,0.8331473214285714,0.4357036976954912,0.616980049712464,0.5026662171342233,0.7173840385281754,0.5273449225886832,0.7948288690476191
split_seed_42,resnext50_32x4d,dem,none,0.647004321882072,0.7726354361511479,0.6773059586956123,0.9122372054559548,0.7203424384467525,0.8786272321428571,0.4523360013048993,0.6454903062250705,0.5230408251817741,0.6678095781813761,0.5513338472786853,0.8285900297619048
split_seed_42,resnext50_32x4d,dem,none,0.6639380174147479,0.6865105596153614,0.6686985132514115,0.9016333076351636,0.7226753070161108,0.8814174107142857,0.5209309737635165,0.5965240943613779,0.534797410629852,0.7329676143700967,0.5420929622165714,0.8575148809523809
split_seed_90,resnext50_32x4d,dem,none,0.637812029135986,0.744919158088999,0.6638231406728071,0.9059164658437976,0.7173441393934988,0.8717447916666666,0.4321561061705624,0.6668038590295476,0.5060694237374997,0.71325824753234,0.566722035059795,0.7882254464285714
split_seed_128,resnext50_32x4d,dem,none,0.6714710153556203,0.7227836600030659,0.6926661927519583,0.8944048386011824,0.7233516474682319,0.8869047619047619,0.5150613340007604,0.6471005986721521,0.5620776711354212,0.7448609803825301,0.5945957244736905,0.8568638392857143
split_seed_256,resnext50_32x4d,dem,none,0.7036057036743716,0.704301169483648,0.7036835780837899,0.9044112479860498,0.7346284366784614,0.8891369047619048,0.4568950336268515,0.6578805628613503,0.5211937984532888,0.8037622164067381,0.597702694674643,0.8129650297619048
split_seed_42,vit_b_16,s-ms,stacking,0.6334652305741564,0.6527817521980461,0.6401206275170638,0.8879853402283119,0.693651968476038,0.8791852678571429,0.5276009821828462,0.6435687832327334,0.5761609632102698,0.8210708322138969,0.6050325330976086,0.8610491071428571
split_seed_90,vit_b_16,s-ms,stacking,0.639094155857949,0.7710467673906292,0.6668854003129701,0.9007996549084724,0.701718920133971,0.8734188988095238,0.5190058031578959,0.6384270765060532,0.5600325117634299,0.7725502060705762,0.59440215870664,0.8523995535714286
split_seed_128,vit_b_16,s-ms,stacking,0.6019345799136282,0.7676208258779212,0.6577702124422665,0.8922787487701705,0.703449212364663,0.8620721726190477,0.5217548015737253,0.6869533596468663,0.5861026643554726,0.7859264456679405,0.6029247784758508,0.8405877976190477
split_seed_256,vit_b_16,s-ms,stacking,0.6313000724944977,0.6860048838379708,0.6527938198852462,0.8767679700918951,0.6810367099236261,0.8700706845238095,0.53745844180838,0.6835802025913639,0.5953381763786563,0.8188322628691157,0.6152765995640993,0.8501674107142857
split_seed_42,vit_b_16,s-ms,cross_attention,0.6218754021838662,0.7205766572728326,0.6556951105959002,0.8723656597740411,0.6940422539803311,0.8656063988095238,0.5176574317663593,0.6591529089245494,0.5714280661494003,0.817502799566796,0.580237653558073,0.8444010416666666
split_seed_90,vit_b_16,s-ms,cross_attention,0.6056584588728444,0.7331812112610564,0.6214746742337943,0.8660654788843171,0.6566278725394162,0.845703125,0.4963596368555577,0.6310991767254986,0.5444333035627753,0.7195702403216238,0.5395415989245752,0.8251488095238095
split_seed_128,vit_b_16,s-ms,cross_attention,0.5808089382606069,0.7786789803731888,0.6354797290873163,0.8571132760704081,0.664640614728974,0.8293340773809523,0.5076639248361314,0.6544003579662728,0.564869304400145,0.72707130571436,0.554588501244466,0.8332403273809523
split_seed_256,vit_b_16,s-ms,cross_attention,0.6246205321593415,0.6360641950961192,0.619680769099878,0.8541595142949292,0.6586196482463159,0.8625372023809523,0.5093984766166882,0.6004421374992149,0.5460761554098915,0.7100240112995018,0.5638140276383865,0.8470052083333334
split_seed_42,vit_b_16,s-ms,concat,0.6216969308665544,0.7080998466106487,0.6538865766429539,0.8959182742947327,0.705544982831731,0.8736049107142857,0.5224038239815197,0.6710828772860019,0.5816419478319295,0.8227188454255902,0.6064234588106281,0.8503534226190477
split_seed_90,vit_b_16,s-ms,concat,0.623626432144856,0.7658249703177289,0.6694615860601407,0.8995812892059184,0.7087302287088864,0.8724888392857143,0.5598337439780436,0.7128391869555356,0.6197123526622048,0.8310824002128882,0.610832664649311,0.8635602678571429
split_seed_128,vit_b_16,s-ms,concat,0.6363462414105433,0.7277183524449261,0.6702257622600424,0.8996621885498631,0.7098284614035167,0.8782552083333334,0.5420003268115241,0.6881432863581487,0.6012140166436591,0.8185928570198975,0.6203004743942504,0.8551897321428571
split_seed_256,vit_b_16,s-ms,concat,0.6180471161705025,0.6837599356801356,0.6445501634669607,0.8840756031456986,0.6992689553334791,0.8712797619047619,0.5323179124611724,0.6596306770679963,0.5822567151948242,0.802123665076367,0.5984001592787032,0.8546316964285714
split_seed_42,vit_b_16,s-5,none,0.6257691001681251,0.6704971373827517,0.6380917516952007,0.87870560041038,0.6871970713358566,0.8712797619047619,0.5127070791184035,0.6862378777676827,0.5791244960254298,0.8393743114338411,0.6337688861502421,0.8444010416666666
split_seed_90,vit_b_16,s-5,none,0.637483500370344,0.7732056705057408,0.6528201231806675,0.8983841867630159,0.7064445720419598,0.859375,0.5186926924937013,0.7064044765109151,0.5848019067179663,0.7995544356256861,0.6037683607398502,0.8390066964285714
split_seed_128,vit_b_16,s-5,none,0.6187503407061353,0.7627740281594068,0.6521988477201408,0.8822188368121632,0.6886643826077786,0.8572358630952381,0.5249895425404935,0.7044162079963602,0.5959906486197019,0.8016474658245434,0.6046243436351595,0.8379836309523809
split_seed_256,vit_b_16,s-5,none,0.6450260641454835,0.7131652039860054,0.6584326820745702,0.8773623019799476,0.6940645568658814,0.8680245535714286,0.5226116234265025,0.6793879634051921,0.5786785484376779,0.806088742441115,0.6199091886675238,0.8460751488095238
split_seed_42,vit_b_16,ep-ms+prc-ms+s-ms,stacking,0.6745438676524425,0.6778099654466736,0.6711036164991769,0.9084853003597972,0.7258455199363264,0.8887648809523809,0.5801354144463362,0.6826513538416574,0.6192017156355496,0.8251738564697734,0.6728689236506202,0.8676525297619048
split_seed_90,vit_b_16,ep-ms+prc-ms+s-ms,stacking,0.6820196469158842,0.6986678084002333,0.6727838077967447,0.9160713201880244,0.7211634302785503,0.8912760416666666,0.5834810431401533,0.6316884354909316,0.6009344407263484,0.820512685847669,0.6332955939315846,0.8826264880952381
split_seed_128,vit_b_16,ep-ms+prc-ms+s-ms,stacking,0.637504121137513,0.7640370994671019,0.6683087718859605,0.9093636969357088,0.7361109035655778,0.8736979166666666,0.5522711428891881,0.7151094653208714,0.6077748483067932,0.8349527808758933,0.6722428989514452,0.8568638392857143
split_seed_256,vit_b_16,ep-ms+prc-ms+s-ms,stacking,0.6770183311303659,0.7273944218629899,0.6903016443516601,0.9069752065309846,0.7346948655925528,0.8801153273809523,0.5660641175703186,0.6792039134918296,0.6099953014113367,0.8338999961215272,0.662903676391872,0.8734188988095238
split_seed_42,vit_b_16,ep-ms+prc-ms+s-ms,cross_attention,0.6474762400788145,0.6524117298890654,0.6366041054391417,0.8873561047992213,0.693384758386702,0.8780691964285714,0.4997960486474179,0.6502610531313555,0.5563570993286376,0.7987931597772736,0.6233311494523317,0.8512834821428571
split_seed_90,vit_b_16,ep-ms+prc-ms+s-ms,cross_attention,0.6578289336043619,0.6390885901619142,0.6465543260566436,0.9091784740178784,0.7031407112380439,0.8896949404761905,0.5238389337817754,0.6045047316566449,0.5575147972258663,0.8038320733454831,0.5988402919522431,0.8740699404761905
split_seed_128,vit_b_16,ep-ms+prc-ms+s-ms,cross_attention,0.6349149008991203,0.7394870850120958,0.6752011511028276,0.8974756602651782,0.7041237034018384,0.8792782738095238,0.5076930055024321,0.6685295591067322,0.5704127461343187,0.7882510305989149,0.5901741800908109,0.8483072916666666
split_seed_256,vit_b_16,ep-ms+prc-ms+s-ms,cross_attention,0.688006806840445,0.7058086502106937,0.6896974545692087,0.9082306128091496,0.7320077261699024,0.8815104166666666,0.5436753441246116,0.6248990837318875,0.571905531045025,0.8117597855388337,0.6356088718320126,0.8641183035714286
split_seed_42,vit_b_16,ep-ms+prc-ms+s-ms,concat,0.6636188904543785,0.693786010130875,0.6727932627168542,0.9127405794764368,0.7147072493931429,0.8919270833333334,0.5308269129706892,0.6515792021369842,0.5803639667323726,0.8251031853677275,0.6248026872914084,0.8637462797619048
split_seed_90,vit_b_16,ep-ms+prc-ms+s-ms,concat,0.6621892054806359,0.707103715040504,0.6794039545383418,0.9126224485291176,0.7196008696962102,0.8904389880952381,0.565217732752253,0.6676326248144627,0.6079536230905702,0.8225675035736442,0.6341775613907171,0.8725818452380952
split_seed_128,vit_b_16,ep-ms+prc-ms+s-ms,concat,0.6431371433273873,0.7917178723880436,0.6969375547492805,0.9192534685593248,0.7335546783964733,0.8875558035714286,0.5642936531320286,0.7146125880798895,0.6262721251377398,0.8592655984916011,0.6592045042867724,0.8692336309523809
split_seed_256,vit_b_16,ep-ms+prc-ms+s-ms,concat,0.6429255366692675,0.7384629360619872,0.673028350848991,0.9105632075511182,0.7392643569990582,0.8761160714285714,0.5237404885639146,0.7012944636464696,0.5938986587292818,0.8363742096312262,0.6432783770051235,0.8569568452380952
split_seed_42,vit_b_16,dem,none,0.6338506309516048,0.6853581451595013,0.6545760901615012,0.8952924514872833,0.6934404188283103,0.8723958333333334,0.5103748970310068,0.6195772729069162,0.5213853451795496,0.7359194091146721,0.5439141439766615,0.7984561011904762
split_seed_42,vit_b_16,dem,none,0.6578383471959434,0.6920427020572549,0.6678190709214309,0.9037974591204307,0.7095372321142719,0.8802083333333334,0.5082767357695538,0.6030366479704635,0.5414207457690875,0.7740979995488955,0.5831979765148828,0.8386346726190477
split_seed_90,vit_b_16,dem,none,0.593018529435108,0.7173322335454843,0.6371324305932495,0.8861325964239359,0.682684802901509,0.8552827380952381,0.4417424879660495,0.664281360371034,0.5146168473540452,0.7113552813328948,0.5377761494298458,0.7954799107142857
split_seed_128,vit_b_16,dem,none,0.629012584428466,0.6923516273089886,0.652433558237648,0.8966320223717216,0.7048758313716219,0.8761160714285714,0.4462582037250239,0.6205754019426416,0.5041984283011052,0.7407947273032054,0.5390328297107069,0.8092447916666666
split_seed_256,vit_b_16,dem,none,0.6420722438979866,0.639019854508733,0.6350374642458807,0.8962060990826567,0.6925688754073492,0.8793712797619048,0.4581898222656476,0.6425543998559579,0.5139148350585565,0.7245051813780055,0.567641103267461,0.8204985119047619
