seed,encoder,input,fusion,macro_precision,macro_recall,macro_f1,auroc,macro_map,micro_accuracy,macro_precision_cd,macro_recall_cd,macro_f1_cd,auroc_cd,macro_map_cd,micro_accuracy_cd
42,resnext50_32x4d,dem,none,0.6884207609790813,0.696601086290195,0.6796236276797607,0.90918484021167,0.732415441466218,0.8856026785714286,0.5178659049642009,0.6066945878500977,0.5429882243971199,0.7720763229745179,0.5968124598720586,0.8586309523809523
90,resnext50_32x4d,dem,none,0.669951441607132,0.7147950355144952,0.6797197777587074,0.9113757907768988,0.7340393355772602,0.8839285714285714,0.5240233325722732,0.6010498834924196,0.5302380125538353,0.7637791346415765,0.582809367970733,0.8506324404761905
128,resnext50_32x4d,dem,none,0.6531560990981847,0.7211008408010876,0.6810978368391629,0.9082521583594876,0.740455172700291,0.8835565476190477,0.5326862711891495,0.60423661452262,0.5553699224168978,0.7726216900159429,0.5818708987615775,0.8543526785714286
256,resnext50_32x4d,dem,none,0.6842313972175358,0.6921259039424897,0.6799429841002179,0.9076839314602966,0.7417988684343346,0.8868117559523809,0.4810458753794803,0.5333597605078054,0.4920375401583235,0.7446261039380943,0.5512825917465355,0.8465401785714286
42,vit_b_16,dem,none,0.601181875693341,0.6912379626084466,0.6363242465851034,0.8955950908304698,0.6981449857942444,0.8698846726190477,0.4569901242777002,0.6774492905400853,0.5355486946691815,0.7466854986460797,0.5895052163946178,0.8098958333333334
90,vit_b_16,dem,none,0.6298283057481252,0.743850437088221,0.6585311302917252,0.8983748629254876,0.6982803981961515,0.8678385416666666,0.4598502999477037,0.6350555720788291,0.5257299399247152,0.7365423538109749,0.5572840016712453,0.8235677083333334
128,vit_b_16,dem,none,0.635537452466605,0.7232928384582774,0.6601752461215193,0.8930240670281978,0.6869956851291372,0.87109375,0.4573758215517061,0.6268659798635328,0.520547720865088,0.7584684162022787,0.5575616700718972,0.8252418154761905
256,vit_b_16,dem,none,0.6106773839760802,0.692098428343926,0.6460744404153779,0.9014106453549046,0.7012761676907263,0.8729538690476191,0.4588758277933364,0.6582729837837783,0.5207220244193452,0.6987507957732403,0.5439993175010782,0.7957589285714286
42,vit_b_16,ep-ms+prc-ms+s-ms,stacking,0.6226710604527163,0.7141131800117116,0.6599580432240016,0.9033523619571784,0.7083018873900601,0.8783482142857143,0.5037950803153992,0.662146124311119,0.5671850083092377,0.8122715880153802,0.6086489374902475,0.8550037202380952
90,vit_b_16,ep-ms+prc-ms+s-ms,stacking,0.6283758013456989,0.7281777426639113,0.6675977069499236,0.9033732823220492,0.7030606933333355,0.8773251488095238,0.5355736926348325,0.7123928430135887,0.6032972827732552,0.8222517791763313,0.6286334279524456,0.8570498511904762
128,vit_b_16,ep-ms+prc-ms+s-ms,stacking,0.654695410197195,0.704632948395521,0.6734416719558141,0.9075035029080756,0.711082437163039,0.8848586309523809,0.5699810267478808,0.6732869065627133,0.6136411947518788,0.8436822372939063,0.6319515195436324,0.8752790178571429
256,vit_b_16,ep-ms+prc-ms+s-ms,stacking,0.6333328845899793,0.7491524243443577,0.6759295288513426,0.9013057839998369,0.7086625254469645,0.880859375,0.5458158123869118,0.7006497217013831,0.6098636324454476,0.8408211588136607,0.637698764292898,0.8637462797619048
42,vit_b_16,ep-ms+prc-ms+s-ms,cross_attention,0.6212458007453775,0.7217791707239896,0.6623101169865561,0.8988094750611958,0.7048403963927857,0.8821614583333334,0.5320892223049074,0.6731294563000597,0.5900678784557764,0.8384333579474973,0.6353877328112517,0.8669084821428571
90,vit_b_16,ep-ms+prc-ms+s-ms,cross_attention,0.6044626980866152,0.8097018126570461,0.6548252609992117,0.8984149048249096,0.7019555595221342,0.8598400297619048,0.502441257796301,0.6784946307280493,0.5712841577019548,0.8084273647282938,0.6135329020793997,0.8411458333333334
128,vit_b_16,ep-ms+prc-ms+s-ms,cross_attention,0.6428341770909284,0.7301954610624666,0.6758698732952445,0.9049967587518272,0.7273961305068567,0.8750930059523809,0.552248980744828,0.6860892052875359,0.5996782165527218,0.8175178431010879,0.6372903121474892,0.8598400297619048
256,vit_b_16,ep-ms+prc-ms+s-ms,cross_attention,0.6294696194396271,0.7497186210371468,0.6710725316833247,0.904098566180478,0.7002495096956691,0.8759300595238095,0.5344231575750985,0.6973109690786747,0.6007189253046066,0.8422102688192675,0.6247052796070055,0.8606770833333334
42,vit_b_16,ep-ms+prc-ms+s-ms,concat,0.6341524436312485,0.72789665773818,0.6699710820541551,0.9125056090082744,0.7156825567703937,0.8803013392857143,0.5677064709749036,0.685767805514336,0.613258625573002,0.8573399297959191,0.6527403525688096,0.8770461309523809
90,vit_b_16,ep-ms+prc-ms+s-ms,concat,0.6432955495111278,0.7264121263128359,0.679665045836753,0.9087220698858413,0.7176544632252033,0.8862537202380952,0.5201616267771723,0.672433706354177,0.5790795754972836,0.8153743838618116,0.6272207587571454,0.8590029761904762
128,vit_b_16,ep-ms+prc-ms+s-ms,concat,0.64305674724063,0.7578149570490457,0.6831500954315469,0.911136181833993,0.7358210396540175,0.8797433035714286,0.53195422684951,0.7168982830801742,0.606780134220355,0.8252096936220604,0.631086760727361,0.8624441964285714
256,vit_b_16,ep-ms+prc-ms+s-ms,concat,0.6336221993721972,0.7382804589253159,0.6782901829551654,0.9085991648009204,0.7140292592506989,0.8838355654761905,0.5394980034463089,0.7124267509666647,0.6087027444919725,0.8441162394897237,0.6465906097593014,0.8601190476190477
42,resnext50_32x4d,prc-ms,stacking,0.6211008618950064,0.6649299360175874,0.6310980435063366,0.8710216661014483,0.6865300077501407,0.8698846726190477,0.530769852172335,0.6778491754898897,0.5824534729011441,0.8265343446337513,0.6306704281967326,0.8544456845238095
90,resnext50_32x4d,prc-ms,stacking,0.62346059933983,0.6975611118766487,0.6515390616412997,0.8490960189054989,0.6868994138552283,0.8736979166666666,0.539323851271561,0.6987138116360896,0.603697512968071,0.8020643036319468,0.6316887746493919,0.8587239583333334
128,resnext50_32x4d,prc-ms,stacking,0.6620498982688524,0.6958863616867129,0.6584553632701526,0.8970512195821788,0.7095379738225545,0.8752790178571429,0.530600257751162,0.697432528966436,0.5942226472157905,0.7949428953699949,0.6245281319478057,0.8603050595238095
256,resnext50_32x4d,prc-ms,stacking,0.628419569090305,0.7129111627774857,0.6640423146594746,0.8920744473203434,0.7212876153587657,0.8723958333333334,0.5148085136741605,0.6590278638831328,0.5690988430440569,0.8041624583229406,0.6161816356012023,0.8498883928571429
42,resnext50_32x4d,prc-ms,cross_attention,0.5990860087140908,0.7767728833995322,0.6454667952266148,0.8676286403322376,0.6704120001772219,0.8473772321428571,0.4818582638006869,0.6530413523508264,0.5422513950732659,0.7994306177561522,0.5585521957851779,0.8271019345238095
90,resnext50_32x4d,prc-ms,cross_attention,0.5719855087506229,0.6675099175704835,0.6142300438620029,0.8554202500600656,0.6517489896618536,0.8484933035714286,0.5171099706737808,0.660341625414291,0.5696078210274793,0.8010794731184817,0.5840419040349348,0.8419828869047619
128,resnext50_32x4d,prc-ms,cross_attention,0.5493842656144542,0.7272449781855259,0.5915228008885978,0.8310874856148126,0.6276167568952923,0.8102678571428571,0.4774850153206413,0.6110841620370602,0.5249262518004446,0.7630498288039292,0.539084108378191,0.8213355654761905
256,resnext50_32x4d,prc-ms,cross_attention,0.5648805923398982,0.7065283320200769,0.6082142309836815,0.8382899133223234,0.6454760822056106,0.8379836309523809,0.4647771504410078,0.6703977433990637,0.538861258484163,0.7882653464899594,0.5367441800776019,0.8138020833333334
42,resnext50_32x4d,prc-ms,concat,0.5655037885254974,0.6796439915941525,0.6137841574741999,0.8390794121061803,0.6386813727761211,0.8355654761904762,0.4486574051128449,0.6160242520663063,0.5038911806375242,0.7732706335044129,0.5240642542069044,0.7958519345238095
90,resnext50_32x4d,prc-ms,concat,0.552997838614342,0.6595885573801245,0.5918698224522206,0.8196253066644213,0.6176418928114449,0.8290550595238095,0.4065873172381682,0.5849164195135478,0.4725330124709797,0.6889597315191008,0.4774133912062237,0.7804129464285714
128,resnext50_32x4d,prc-ms,concat,0.5562279415811082,0.6929784059991427,0.608610321712498,0.8255725972686566,0.636061566794328,0.8265438988095238,0.4618295282779662,0.6227874121990095,0.5198374298243289,0.7017756979374827,0.5350010519209284,0.8104538690476191
256,resnext50_32x4d,prc-ms,concat,0.5740944045052621,0.6861098633358838,0.619359999971275,0.8342903471768351,0.6486398250708839,0.8451450892857143,0.4914852581126892,0.6319085997670403,0.5467729020690326,0.7605142423876384,0.5375592968728561,0.8263578869047619
42,resnext50_32x4d,prc-ms+s-ms,stacking,0.6223542485139267,0.7589869141421851,0.6688205693918657,0.909753203564042,0.7339564054589486,0.8758370535714286,0.5165854270231599,0.740896966074691,0.5959898368535976,0.8461420894853944,0.6279587412325938,0.8460751488095238
90,resnext50_32x4d,prc-ms+s-ms,stacking,0.6636686064142555,0.6994073249560474,0.6747786803391624,0.8825565567679223,0.7014603549496099,0.8824404761904762,0.5481203254595041,0.7156534605815946,0.6149346206760299,0.8149904128465141,0.6566755616932481,0.8658854166666666
128,resnext50_32x4d,prc-ms+s-ms,stacking,0.6662186596683455,0.6969810587998838,0.6769721232740319,0.8927862809938348,0.7306573926225374,0.8837425595238095,0.5370184192996335,0.7058420566079596,0.604169263278943,0.8477300344657418,0.6469628553651814,0.8623511904761905
256,resnext50_32x4d,prc-ms+s-ms,stacking,0.6378467927118592,0.733531103489045,0.6700017116541005,0.8789528829272111,0.7091355546746446,0.880859375,0.5541252130070712,0.7001449439405717,0.6150075583288023,0.817140198469392,0.6505479897009138,0.8656994047619048
42,resnext50_32x4d,prc-ms+s-ms,cross_attention,0.6024761272824544,0.7208836070022109,0.6518162121466312,0.8919116570502927,0.6878084419119528,0.8694196428571429,0.5220574392507509,0.7088708045581338,0.5966497138298167,0.8351371188363684,0.6266511474545917,0.8523995535714286
90,resnext50_32x4d,prc-ms+s-ms,cross_attention,0.5974473513495538,0.7772728924528692,0.6506474057278233,0.8944840917435215,0.6828524189751487,0.8548177083333334,0.5254789755032404,0.7147633985934554,0.5941044474264748,0.8239986881267826,0.6217804279930546,0.8434709821428571
128,resnext50_32x4d,prc-ms+s-ms,cross_attention,0.6190189509456181,0.7072530980001035,0.6444741217356531,0.8883829022909276,0.6981377337880347,0.8726748511904762,0.5538765542303624,0.6836257833755673,0.6053385872870186,0.8515816694089591,0.6533204936812292,0.8683035714285714
256,resnext50_32x4d,prc-ms+s-ms,cross_attention,0.6375010768022237,0.6983991699869112,0.6637253136584004,0.8789270303581206,0.6990673963055114,0.8762090773809523,0.5089720137133659,0.6832999029259659,0.5790954371361231,0.8099764697419591,0.6079315535086943,0.8529575892857143
42,resnext50_32x4d,prc-ms+s-ms,concat,0.5961724241225413,0.7438208053871402,0.6455711319025171,0.8819222215743018,0.6852568780713061,0.8630952380952381,0.5172902396562054,0.7539439672614529,0.5989851392357257,0.8034783160831017,0.6391225263129601,0.8520275297619048
90,resnext50_32x4d,prc-ms+s-ms,concat,0.5949780737119905,0.7124867424874505,0.6411459350223474,0.8785202387167814,0.6823557952650081,0.86328125,0.5185728433615682,0.6670020830068841,0.5774883488562826,0.8248987454169624,0.6224070277786006,0.8577938988095238
128,resnext50_32x4d,prc-ms+s-ms,concat,0.6186351750730832,0.7346492510343848,0.6549833473636439,0.888067855727754,0.7015261526633434,0.8702566964285714,0.5267847791891144,0.6933076153011765,0.5932009569317395,0.7936739919182009,0.6158592528055004,0.8550967261904762
256,resnext50_32x4d,prc-ms+s-ms,concat,0.6025286838467302,0.7098092668785855,0.6443871342809266,0.8936523393697048,0.7005621595452277,0.8655133928571429,0.5361167727606918,0.6748874325644119,0.5894387705498765,0.807750407563565,0.6244151357396776,0.8600260416666666
42,resnext50_32x4d,s-10,none,0.6179026703905061,0.6790295218845986,0.6389528498866504,0.8819968994645564,0.687141991815918,0.8649553571428571,0.5140647173978494,0.6748335439944615,0.577430164740427,0.7923176343053395,0.6028238676849001,0.8470982142857143
90,resnext50_32x4d,s-10,none,0.61306079148234,0.7114771166613286,0.6510589214210736,0.8768466469233294,0.6877192397282467,0.8685825892857143,0.5011963291278662,0.6762030424519413,0.5692426898205049,0.8076769141962352,0.5925687046077359,0.8430059523809523
128,resnext50_32x4d,s-10,none,0.6276927296676348,0.7142966927174517,0.6629096149827032,0.88729293667158,0.7091824346373606,0.8718377976190477,0.5259744112644805,0.6946267245226375,0.5924289473401843,0.8130369060940126,0.6126418485957987,0.8523995535714286
256,resnext50_32x4d,s-10,none,0.6105070353293557,0.7034134167461401,0.6389731492491204,0.8814839597847725,0.6881787050915903,0.8642113095238095,0.533460900854101,0.6988864136014727,0.5998821544796931,0.8225583016038857,0.6221121314412088,0.8586309523809523
42,vit_b_16,s-5,none,0.6002788627165724,0.7140163062081143,0.6463202557368417,0.8720847755234548,0.6771678307680016,0.8608630952380952,0.5167301663867842,0.6870961566613712,0.5850617800081427,0.8017910776515523,0.6144143506896459,0.8501674107142857
90,vit_b_16,s-5,none,0.6204722951078834,0.7328344506086407,0.6538891464731947,0.869351696034324,0.6930029149622248,0.8642113095238095,0.526758644586982,0.6861561919185385,0.5909969594341745,0.8316904951412568,0.6096735656785388,0.8518415178571429
128,vit_b_16,s-5,none,0.6011368928584023,0.686651687650991,0.6284764508317185,0.8638777474558459,0.6853222329584884,0.8667224702380952,0.5010329125623787,0.6968738239989036,0.5728373503944547,0.8006405027121427,0.6001103103799746,0.8419828869047619
256,vit_b_16,s-5,none,0.6248847347306026,0.6855868484697123,0.6377091958193771,0.8630263327871662,0.6856846317366296,0.8661644345238095,0.5192170936812738,0.6726525137075395,0.5746283291623167,0.8010801369635627,0.6055972868982066,0.8357514880952381
42,vit_b_16,s-ms,stacking,0.6123494840128237,0.6840361201824473,0.6448152571699112,0.8781298313062258,0.6889345734018261,0.8697916666666666,0.4943148582848273,0.6766984242965138,0.5650747233155432,0.7646933863492703,0.582470716176038,0.8449590773809523
90,vit_b_16,s-ms,stacking,0.599188918870592,0.7375919237545906,0.6513823555659081,0.8828891026603962,0.6783910386628572,0.8577938988095238,0.5138158396022506,0.7079601207016462,0.5884351197890492,0.8174192529859831,0.6073569706059262,0.8404947916666666
128,vit_b_16,s-ms,stacking,0.6426810221777634,0.7034448414869247,0.6631887874374371,0.8828440737890003,0.693765763422261,0.8719308035714286,0.5228988170943155,0.6679061745611584,0.5819480459942982,0.8072144728520215,0.6079717696938495,0.8555617559523809
256,vit_b_16,s-ms,stacking,0.630887357985317,0.6799144920411678,0.651064542003391,0.8793695988972944,0.70791494389947,0.8689546130952381,0.5073349244360188,0.6516127028791926,0.5653195274437381,0.8065409685586078,0.5936235434549706,0.8533296130952381
42,vit_b_16,s-ms,cross_attention,0.5825535598754668,0.7229558738040373,0.6343493142296525,0.8714319671080871,0.6722828368424405,0.8526785714285714,0.504689330314763,0.6927468587516457,0.5739262332037258,0.7685010957792165,0.5866241980585575,0.841796875
90,vit_b_16,s-ms,cross_attention,0.5919155640063514,0.7308983902795102,0.6437642571304594,0.8658472064407595,0.6704197640742775,0.8542596726190477,0.5523458481371514,0.6730387342694951,0.6007476258577105,0.7981736331682462,0.6099690897601484,0.8595610119047619
128,vit_b_16,s-ms,cross_attention,0.6143744215385445,0.6986832498984434,0.6471528298786079,0.8649936877129447,0.6825914283201273,0.8641183035714286,0.5252159023342899,0.6581247371857968,0.5792876927869458,0.799575781427532,0.5991859843786264,0.8498883928571429
256,vit_b_16,s-ms,cross_attention,0.5912150527943918,0.7023466085882891,0.6291776905252667,0.8708573159137083,0.6704402646670343,0.8563988095238095,0.5280311171633489,0.6410153550860983,0.5745291258643668,0.8067377510104068,0.5935328730665317,0.8577938988095238
42,vit_b_16,s-ms,concat,0.5948900386149186,0.7333664556117984,0.6476399649870642,0.8866023934154255,0.6938589430941925,0.8590029761904762,0.4998482252385534,0.6606679234788869,0.5596318293383742,0.7783616819184447,0.5814515467942277,0.8488653273809523
90,vit_b_16,s-ms,concat,0.6457951842489335,0.6868338337252818,0.6646365801780728,0.885497562803742,0.7076687431931072,0.8764880952380952,0.5418029629470003,0.62341961782423,0.5694714223398022,0.8371687483643434,0.6008320086130814,0.8655133928571429
128,vit_b_16,s-ms,concat,0.6007557807202376,0.7686366017090441,0.6529734300357161,0.8952193343658733,0.6897661667900223,0.8564918154761905,0.5070867787706207,0.6580931730353734,0.5632387256706028,0.8055198345357601,0.591296234586884,0.8387276785714286
256,vit_b_16,s-ms,concat,0.632784878670625,0.7669410717712949,0.6736719783941172,0.8980229618906609,0.7155596139948834,0.8716517857142857,0.5453729643382069,0.6856729444974939,0.5970920183969968,0.8173798744145169,0.6053597024745343,0.8583519345238095
